time,open,high,low,close,volume
2017-07-14,0.08,0.091033,0.08,0.090993,1942.057
2017-07-15,0.090993,0.093699,0.087127,0.087635,4013.066
2017-07-16,0.087508,0.087635,0.075591,0.082241,8904.158
2017-07-17,0.082368,0.088394,0.081699,0.087537,6650.933
2017-07-18,0.087831,0.109068,0.084777,0.107732,7245.741
2017-07-19,0.107732,0.108732,0.08429,0.086853,7384.976
2017-07-20,0.087144,0.095252,0.074982,0.080509,6395.16
2017-07-21,0.080383,0.087511,0.079635,0.081581,7434.389
2017-07-22,0.081586,0.084733,0.079856,0.082474,7979.899
2017-07-23,0.082312,0.08456,0.081417,0.083533,6340.799
2017-07-24,0.083438,0.083973,0.082265,0.083161,7380.244
2017-07-25,0.083149,0.083149,0.075482,0.079654,7845.032
2017-07-26,0.079676,0.081172,0.07761,0.079892,7496.738
2017-07-27,0.079815,0.081867,0.077059,0.077449,8311.206
2017-07-28,0.077059,0.077859,0.066827,0.068802,11013.824
2017-07-29,0.068797,0.076814,0.064335,0.075773,14305.369
2017-07-30,0.076009,0.076684,0.069876,0.070109,12989.765
2017-07-31,0.070406,0.073341,0.06759,0.072484,12029.45
2017-08-01,0.072459,0.08526,0.07237,0.083568,13623.227
2017-08-02,0.083568,0.084967,0.07963,0.08016,13678.63
2017-08-03,0.080168,0.083795,0.078277,0.078965,11389.116
2017-08-04,0.078965,0.08071,0.076332,0.076475,12523.985
2017-08-05,0.076563,0.079322,0.071325,0.07916,12348.255
2017-08-06,0.07916,0.083151,0.07851,0.081029,13069.284
2017-08-07,0.081029,0.082475,0.079547,0.081171,13667.775
2017-08-08,0.081171,0.087444,0.078,0.085296,14885.592
2017-08-09,0.085331,0.093578,0.080372,0.083159,15503.613
2017-08-10,0.083303,0.09092,0.082489,0.084466,16483.655
2017-08-11,0.084613,0.087178,0.083167,0.084941,18017.655
2017-08-12,0.08495,0.087601,0.08001,0.080163,15210.946
2017-08-13,0.080182,0.080459,0.068007,0.073824,20955.915
2017-08-14,0.07385,0.079911,0.068535,0.070899,28508.69
2017-08-15,0.070899,0.0752,0.066161,0.069395,28889.165
2017-08-16,0.069395,0.076669,0.06831,0.069743,22035.269
2017-08-17,0.069735,0.072254,0.068077,0.070479,24002.431
2017-08-18,0.070479,0.073005,0.069565,0.071433,29861.756
2017-08-19,0.071187,0.073741,0.069925,0.070036,19918.665
2017-08-20,0.070347,0.073,0.069,0.072198,22530.294
2017-08-21,0.072198,0.088658,0.071509,0.08052,48283.416
2017-08-22,0.080688,0.0845,0.07001,0.076825,42660.05
2017-08-23,0.076794,0.079689,0.074164,0.07706,41661.392
2017-08-24,0.07706,0.078649,0.074567,0.075339,44430.692
2017-08-25,0.075302,0.0779,0.074742,0.076587,35690.377
2017-08-26,0.076593,0.078708,0.075269,0.076647,31475.752
2017-08-27,0.076647,0.0826,0.075377,0.080436,36949.127
2017-08-28,0.080649,0.081884,0.078501,0.079632,28745.668
2017-08-29,0.079632,0.084402,0.079037,0.081551,32574.221
2017-08-30,0.081551,0.085085,0.080776,0.0842,30766.059
2017-08-31,0.084032,0.084198,0.081598,0.081967,26520.598
2017-09-01,0.081967,0.084408,0.080015,0.080849,28097.572
2017-09-02,0.080849,0.08274,0.073861,0.076396,32502.566
2017-09-03,0.076396,0.07886,0.07374,0.075938,42102.842
2017-09-04,0.076031,0.076071,0.065,0.07032,50413.571
2017-09-05,0.070276,0.072154,0.065655,0.071788,41673.107
2017-09-06,0.071788,0.073871,0.070954,0.072821,34711.436
2017-09-07,0.072821,0.07299,0.065,0.0716,16057.518
2017-09-08,0.0716,0.07251,0.06555,0.070246,22241.963
2017-09-09,0.070246,0.071678,0.068033,0.070151,8597.585
2017-09-10,0.0701,0.0711,0.068181,0.070127,7873.985
2017-09-11,0.070599,0.071998,0.068755,0.07063,7460.722
2017-09-12,0.0706,0.072784,0.068,0.0706,14505.753
2017-09-13,0.070763,0.071498,0.067356,0.071468,7572.948
2017-09-14,0.071398,0.071509,0.067101,0.068765,11387.596
2017-09-15,0.068047,0.071,0.065,0.069512,10770.278
2017-09-16,0.069519,0.070036,0.066739,0.068315,8247.263
2017-09-17,0.068372,0.070488,0.067234,0.069848,4193.778
2017-09-18,0.069848,0.075913,0.069615,0.0731,5846.332
2017-09-19,0.073045,0.073523,0.0718,0.072525,8900.485
2017-09-20,0.072454,0.0734,0.0718,0.073345,16794.262
2017-09-21,0.073345,0.073799,0.070565,0.07141,24583.899
2017-09-22,0.07141,0.072964,0.071,0.072964,24350.635
2017-09-23,0.072874,0.075694,0.071964,0.075557,23028.2
2017-09-24,0.075556,0.077998,0.075398,0.077123,28776.606
2017-09-25,0.077184,0.0773,0.074527,0.075174,34549.321
2017-09-26,0.075173,0.07595,0.073392,0.074491,35669.831
2017-09-27,0.074492,0.074731,0.071977,0.073445,44263.081
2017-09-28,0.073465,0.0737,0.071509,0.072509,52476.402
2017-09-29,0.072507,0.07259,0.069015,0.07091,40578.601
2017-09-30,0.070878,0.0733,0.069401,0.070062,37140.806
2017-10-01,0.070181,0.071484,0.068109,0.069105,38693.377
2017-10-02,0.069104,0.069299,0.0665,0.068658,40647.555
2017-10-03,0.06829,0.06902,0.066808,0.068016,37219.457
2017-10-04,0.06775,0.070633,0.067477,0.069249,34536.247
2017-10-05,0.069147,0.070223,0.067666,0.068509,27871.849
2017-10-06,0.068509,0.071062,0.067976,0.070986,31667.564
2017-10-07,0.070779,0.072239,0.069733,0.070365,28812.37
2017-10-08,0.070262,0.07062,0.066554,0.067053,35998.516
2017-10-09,0.066964,0.067457,0.058516,0.06215,46465.45
2017-10-10,0.062316,0.066501,0.059963,0.063038,44208.704
2017-10-11,0.063047,0.064117,0.061651,0.063065,30902.734
2017-10-12,0.063064,0.0635,0.055748,0.055763,39216.6
2017-10-13,0.055763,0.062496,0.051084,0.060017,58977.006
2017-10-14,0.060019,0.0621,0.057431,0.058679,26992.222
2017-10-15,0.058679,0.060999,0.057413,0.059281,28566.596
2017-10-16,0.059107,0.062166,0.057721,0.058294,33150.297
2017-10-17,0.058026,0.060348,0.055838,0.056612,24987.9
2017-10-18,0.056612,0.057341,0.055398,0.056161,27764.705
2017-10-19,0.056299,0.056527,0.0532,0.053886,26329.594
2017-10-20,0.053886,0.054499,0.049547,0.050511,33404.445
2017-10-21,0.050503,0.051225,0.04705,0.049954,29712.017
2017-10-22,0.049954,0.0516,0.048904,0.048973,24111.205
2017-10-23,0.049336,0.049375,0.047177,0.047839,33580.724
2017-10-24,0.047852,0.056,0.047184,0.053709,43723.845
2017-10-25,0.053712,0.054154,0.051572,0.051794,26376.618
2017-10-26,0.051794,0.052395,0.049509,0.050089,23839.182
2017-10-27,0.050311,0.051849,0.0495,0.051319,24822.76
2017-10-28,0.051322,0.051859,0.050451,0.051154,22713.123
2017-10-29,0.051199,0.053965,0.048448,0.04965,32926.867
2017-10-30,0.049364,0.0512,0.049364,0.049899,28009.721
2017-10-31,0.049977,0.050576,0.04681,0.047001,31924.015
2017-11-01,0.047001,0.04769,0.042296,0.042766,44203.963
2017-11-02,0.042797,0.043177,0.037589,0.040287,60117.457
2017-11-03,0.040488,0.043951,0.039401,0.042666,48031.894
2017-11-04,0.042661,0.043084,0.039755,0.040575,34727.418
2017-11-05,0.040535,0.040981,0.038815,0.040147,34433.008
2017-11-06,0.04014,0.0435,0.039856,0.042641,44094.715
2017-11-07,0.042643,0.042926,0.0405,0.041049,41768.583
2017-11-08,0.041133,0.046194,0.0385,0.041421,74381.695
2017-11-09,0.0416,0.046249,0.04129,0.044871,60221.858
2017-11-10,0.044966,0.046692,0.043207,0.045549,63603.579
2017-11-11,0.045179,0.05148,0.044088,0.049649,66270.633
2017-11-12,0.049579,0.054,0.0452,0.052038,198379.991
2017-11-13,0.052094,0.054661,0.046378,0.048417,83870.87
2017-11-14,0.048329,0.052499,0.04727,0.051095,84058.246
2017-11-15,0.05099,0.051063,0.045,0.045535,63916.465
2017-11-16,0.045535,0.0465,0.041001,0.042006,85567.967
2017-11-17,0.042002,0.043738,0.040914,0.042902,80997.404
2017-11-18,0.043149,0.044999,0.0426,0.044625,79642.103
2017-11-19,0.044672,0.048836,0.042818,0.043969,94360.631
2017-11-20,0.043969,0.04561,0.043673,0.044715,101306.078
2017-11-21,0.044709,0.046394,0.044,0.044673,99497.472
2017-11-22,0.044673,0.046767,0.0441,0.046352,120872.047
2017-11-23,0.046317,0.052357,0.04575,0.05075,154931.309
2017-11-24,0.050841,0.058501,0.047851,0.05765,143892.124
2017-11-25,0.05765,0.059401,0.05275,0.05275,105104.051
2017-11-26,0.052802,0.052905,0.0478,0.050704,106260.859
2017-11-27,0.050697,0.0512,0.048409,0.048897,103023.746
2017-11-28,0.048896,0.049478,0.046144,0.047036,106882.329
2017-11-29,0.04699,0.047887,0.042939,0.043414,178814.926
2017-11-30,0.043375,0.0446,0.0425,0.043651,128643.983
2017-12-01,0.043684,0.044329,0.042275,0.042397,83006.121
2017-12-02,0.042397,0.0427,0.0416,0.041978,89215.306
2017-12-03,0.041937,0.042371,0.040418,0.041141,88525.846
2017-12-04,0.041155,0.041312,0.040071,0.040181,98930.818
2017-12-05,0.040182,0.040367,0.038308,0.038757,144245.021
2017-12-06,0.038717,0.038859,0.029406,0.030396,197234.693
2017-12-07,0.030396,0.032059,0.024251,0.024565,189629.165
2017-12-08,0.024562,0.032,0.023121,0.027855,182157.588
2017-12-09,0.027863,0.0349,0.027254,0.031311,172054.661
2017-12-10,0.031317,0.032896,0.027887,0.028692,147319.083
2017-12-11,0.028692,0.0312,0.026746,0.0307,161365.035
2017-12-12,0.030701,0.04,0.029773,0.038,343528.145
2017-12-13,0.038,0.044245,0.036052,0.04281,245846.142
2017-12-14,0.042811,0.0465,0.0396,0.041549,313120.517
2017-12-15,0.04155,0.04166,0.033501,0.038579,242164.913
2017-12-16,0.038579,0.040898,0.0348,0.035561,231007.092
2017-12-17,0.03556,0.038605,0.035532,0.037448,243293.263
2017-12-18,0.037343,0.043112,0.036995,0.041569,317888.672
2017-12-19,0.04153,0.047,0.040957,0.046212,317638.758
2017-12-20,0.046229,0.049,0.044,0.048268,313914.69
2017-12-21,0.048266,0.0517,0.047601,0.05063,330898.373
2017-12-22,0.05058,0.051491,0.04534,0.047606,369569.077
2017-12-23,0.047601,0.049019,0.047498,0.04814,283169.619
2017-12-24,0.04814,0.049246,0.0477,0.048795,252967.984
2017-12-25,0.048765,0.054999,0.0487,0.052153,272863.301
2017-12-26,0.052059,0.0538,0.046282,0.047805,271857.642
2017-12-27,0.047806,0.049,0.0463,0.047804,231755.636
2017-12-28,0.047804,0.0517,0.047584,0.049853,257969.986
2017-12-29,0.049883,0.052,0.0495,0.05102,299450.249
2017-12-30,0.051021,0.055301,0.05,0.055127,382154.486
2017-12-31,0.05506,0.055449,0.052309,0.053586,318642.663
2018-01-01,0.053586,0.0572,0.053401,0.056367,312440.757
2018-01-02,0.056368,0.066265,0.05104,0.058261,492006.759
2018-01-03,0.0583,0.06421,0.056449,0.0626,469486.617
2018-01-04,0.0626,0.07,0.060125,0.062236,595991.613
2018-01-05,0.062449,0.069758,0.054,0.056584,710527.221
2018-01-06,0.056579,0.063,0.055549,0.058817,511471.697
2018-01-07,0.058817,0.069811,0.058689,0.069313,471299.849
2018-01-08,0.069323,0.07948,0.069002,0.076015,540080.194
2018-01-09,0.076015,0.093,0.075956,0.08965,466451.409
2018-01-10,0.089659,0.101004,0.08282,0.083884,494668.021
2018-01-11,0.083881,0.092216,0.082987,0.08597,374525.355
2018-01-12,0.08597,0.092016,0.085,0.09132,193626.311
2018-01-13,0.09132,0.10051,0.08985,0.097617,343789.564
2018-01-14,0.097693,0.1,0.09555,0.09986,240883.298
2018-01-15,0.09986,0.101219,0.0895,0.09412,257713.865
2018-01-16,0.0941,0.095758,0.081,0.091855,343244.935
2018-01-17,0.091842,0.09378,0.083461,0.091219,373774.581
2018-01-18,0.091218,0.093,0.087938,0.090617,320324.082
2018-01-19,0.090617,0.093,0.09,0.090084,230596.472
2018-01-20,0.09,0.091259,0.0879,0.09017,210464.87
2018-01-21,0.090158,0.0926,0.0892,0.091001,174311.959
2018-01-22,0.091001,0.09299,0.09052,0.092187,200912.515
2018-01-23,0.092276,0.092795,0.08928,0.090938,196525.728
2018-01-24,0.090938,0.09423,0.090338,0.093406,208910.962
2018-01-25,0.093499,0.095421,0.093,0.094292,126213.647
2018-01-26,0.094268,0.096933,0.09266,0.094828,173629.036
2018-01-27,0.094763,0.098,0.0945,0.097342,133169.039
2018-01-28,0.097433,0.105639,0.097105,0.105244,180711.078
2018-01-29,0.105244,0.10598,0.1033,0.10454,129263.33
2018-01-30,0.104632,0.108,0.103102,0.106081,130548.124
2018-01-31,0.106058,0.110879,0.105552,0.109451,99941.486
2018-02-01,0.109451,0.123799,0.109343,0.113185,234038.204
2018-02-02,0.113075,0.115,0.09688,0.1039,250334.442
2018-02-03,0.103976,0.1075,0.103,0.105516,118577.429
2018-02-04,0.105516,0.106,0.098753,0.10087,122975.365
2018-02-05,0.100869,0.103672,0.095632,0.100809,171027.107
2018-02-06,0.100787,0.102313,0.094431,0.101896,222283.824
2018-02-07,0.10177,0.102571,0.099045,0.099359,106109.231
2018-02-08,0.099311,0.100679,0.09885,0.100298,3008.81
2018-02-09,0.10013,0.101551,0.099129,0.101033,72149.947
2018-02-10,0.101029,0.101146,0.099203,0.099682,147532.975
2018-02-11,0.09971,0.101,0.0993,0.10036,126261.139
2018-02-12,0.100393,0.10055,0.097,0.097367,117166.987
2018-02-13,0.097361,0.0988,0.096912,0.098546,110413.962
2018-02-14,0.098558,0.098701,0.096,0.097253,136922.659
2018-02-15,0.097226,0.097389,0.091101,0.092399,155011.091
2018-02-16,0.092347,0.0945,0.09134,0.09236,126099.466
2018-02-17,0.092392,0.09302,0.087662,0.087817,122365.317
2018-02-18,0.08784,0.08939,0.086131,0.087699,128436.859
2018-02-19,0.08773,0.0886,0.083396,0.084157,105092.834
2018-02-20,0.084157,0.084265,0.070828,0.07882,122620.977
2018-02-21,0.078825,0.0815,0.078101,0.080118,116652.853
2018-02-22,0.080131,0.08186,0.07953,0.081643,89132.645
2018-02-23,0.081669,0.086338,0.081587,0.084126,119515.227
2018-02-24,0.084126,0.0866,0.081001,0.08604,74689.814
2018-02-25,0.085987,0.0886,0.085888,0.087861,75442.268
2018-02-26,0.087786,0.0898,0.0835,0.084057,116583.412
2018-02-27,0.084122,0.08589,0.081675,0.082335,106621.575
2018-02-28,0.082231,0.087777,0.08,0.082605,115440.244
2018-03-01,0.082674,0.082999,0.0793,0.079719,100437.224
2018-03-02,0.079719,0.079966,0.07612,0.077514,98530.768
2018-03-03,0.077553,0.077824,0.0745,0.074728,96773.177
2018-03-04,0.074728,0.07757,0.0746,0.07528,73555.511
2018-03-05,0.075279,0.075647,0.072525,0.07387,83623.981
2018-03-06,0.07387,0.076999,0.073811,0.075986,91742.199
2018-03-07,0.075986,0.07648,0.072469,0.0757,127108.493
2018-03-08,0.075776,0.077098,0.074502,0.075012,102259.478
2018-03-09,0.075014,0.078856,0.0745,0.078477,119032.428
2018-03-10,0.078477,0.079757,0.0772,0.0776,63323.38
2018-03-11,0.077659,0.079555,0.074892,0.075753,64978.434
2018-03-12,0.075672,0.076966,0.074321,0.076449,78594.872
2018-03-13,0.076446,0.077186,0.074846,0.075364,96071.93
2018-03-14,0.075364,0.07642,0.073356,0.074491,104892.315
2018-03-15,0.074491,0.075479,0.073,0.073866,116230.726
2018-03-16,0.073866,0.074589,0.071742,0.07248,102488.577
2018-03-17,0.072409,0.073556,0.069663,0.069907,83785.69
2018-03-18,0.069919,0.069997,0.0618,0.065641,169228.122
2018-03-19,0.065643,0.06673,0.063105,0.064725,135417.994
2018-03-20,0.064691,0.064933,0.061916,0.0626,129684.402
2018-03-21,0.062599,0.064887,0.06,0.06302,141417.035
2018-03-22,0.06295,0.063695,0.061,0.061949,115083.36
2018-03-23,0.061949,0.063,0.060064,0.061025,155855.588
2018-03-24,0.061027,0.061399,0.060103,0.06095,139742.754
2018-03-25,0.061004,0.062355,0.060531,0.061885,114629.827
2018-03-26,0.061885,0.062239,0.059245,0.059717,158118.009
2018-03-27,0.059664,0.060068,0.056564,0.057514,158615.101
2018-03-28,0.057513,0.057961,0.056003,0.056127,136333.95
2018-03-29,0.056157,0.056521,0.053998,0.054056,188208.269
2018-03-30,0.054056,0.057553,0.054056,0.057416,180794.305
2018-03-31,0.057417,0.058955,0.056386,0.056859,123898.88
2018-04-01,0.05686,0.057034,0.0551,0.055546,105613.346
2018-04-02,0.055545,0.0559,0.05429,0.054546,112104.723
2018-04-03,0.054502,0.056121,0.05381,0.05603,136273.013
2018-04-04,0.055987,0.056153,0.053672,0.055661,138939.686
2018-04-05,0.055661,0.05642,0.055384,0.056306,144766.609
2018-04-06,0.05629,0.056411,0.055354,0.055919,93952.55
2018-04-07,0.055862,0.0562,0.0551,0.055808,102662.476
2018-04-08,0.05581,0.057261,0.0555,0.05709,99750.968
2018-04-09,0.05709,0.060069,0.056991,0.058865,146710.201
2018-04-10,0.058867,0.0608,0.0584,0.060729,133299.655
2018-04-11,0.060785,0.062096,0.06024,0.061919,153230.662
2018-04-12,0.061919,0.06305,0.059288,0.062385,222972.337
2018-04-13,0.062455,0.064686,0.061802,0.062639,194683.665
2018-04-14,0.06264,0.063555,0.061636,0.062853,89889.134
2018-04-15,0.062791,0.063968,0.062261,0.063889,84977.727
2018-04-16,0.063957,0.064087,0.062901,0.063526,106019.238
2018-04-17,0.06346,0.0647,0.062874,0.06368,150612.957
2018-04-18,0.063682,0.064483,0.063261,0.064428,123125.213
2018-04-19,0.064427,0.068888,0.06394,0.06867,166176.247
2018-04-20,0.068669,0.071277,0.06749,0.069656,179540.778
2018-04-21,0.069581,0.069784,0.065328,0.067908,146061.999
2018-04-22,0.067836,0.072665,0.065618,0.070652,147845.855
2018-04-23,0.070652,0.072665,0.07054,0.072054,125512.203
2018-04-24,0.072054,0.075759,0.071652,0.072884,171553.063
2018-04-25,0.072891,0.072972,0.066688,0.069575,221923.268
2018-04-26,0.069578,0.072,0.068851,0.071351,156534.544
2018-04-27,0.0714,0.073557,0.070679,0.072081,135904.827
2018-04-28,0.072143,0.073865,0.071992,0.073167,129817.207
2018-04-29,0.073169,0.073601,0.072299,0.073316,146843.949
2018-04-30,0.073316,0.075118,0.07212,0.072536,162921.554
2018-05-01,0.072536,0.074628,0.070492,0.0741,149553.893
2018-05-02,0.0741,0.07522,0.073884,0.074459,131992.843
2018-05-03,0.074459,0.080997,0.074369,0.079958,261509.491
2018-05-04,0.08,0.083189,0.079065,0.08086,199115.127
2018-05-05,0.080957,0.08333,0.080684,0.083081,134390.575
2018-05-06,0.08316,0.084669,0.08,0.0822,131743.963
2018-05-07,0.0822,0.0827,0.07595,0.0804,204147.619
2018-05-08,0.080454,0.082145,0.07905,0.081628,153036.754
2018-05-09,0.081543,0.08176,0.07915,0.080747,147032.645
2018-05-10,0.080747,0.0821,0.080161,0.080199,149418.733
2018-05-11,0.080231,0.08225,0.0783,0.080565,175367.973
2018-05-12,0.080565,0.0812,0.077519,0.080768,140098.378
2018-05-13,0.080848,0.085433,0.079994,0.084004,133165.623
2018-05-14,0.084004,0.0848,0.0825,0.083995,140875.674
2018-05-15,0.083995,0.084958,0.082409,0.083255,119657.839
2018-05-16,0.083317,0.084731,0.082447,0.084699,107701.025
2018-05-17,0.084699,0.0854,0.0827,0.082968,93411.684
2018-05-18,0.082967,0.08435,0.0827,0.084091,104327.594
2018-05-19,0.084177,0.085743,0.083253,0.084682,87917.702
2018-05-20,0.08468,0.085901,0.083848,0.083917,88347.757
2018-05-21,0.083917,0.084386,0.082409,0.083142,87568.365
2018-05-22,0.083142,0.084,0.080021,0.080422,115585.029
2018-05-23,0.080422,0.08107,0.075765,0.077046,162034.832
2018-05-24,0.076963,0.0795,0.0753,0.079404,137941.344
2018-05-25,0.079457,0.080914,0.077318,0.078514,124820.207
2018-05-26,0.078586,0.080261,0.07782,0.079959,90706.924
2018-05-27,0.07992,0.080388,0.07658,0.077714,97781.702
2018-05-28,0.077768,0.0779,0.0715,0.07214,145016.966
2018-05-29,0.072078,0.076492,0.072069,0.075935,128010.584
2018-05-30,0.075879,0.0775,0.074195,0.075587,123347.701
2018-05-31,0.075578,0.07744,0.075281,0.077218,118055.094
2018-06-01,0.077218,0.07775,0.075917,0.07698,122731.661
2018-06-02,0.07698,0.078121,0.07651,0.07735,113457.714
2018-06-03,0.077375,0.080857,0.07735,0.080234,109639.476
2018-06-04,0.080299,0.080799,0.077735,0.078925,120832.454
2018-06-05,0.079001,0.0805,0.077695,0.079898,120506.52
2018-06-06,0.079898,0.0801,0.079001,0.079235,109281.535
2018-06-07,0.079232,0.0797,0.07823,0.078698,107771.151
2018-06-08,0.078696,0.079289,0.077991,0.078751,99569.817
2018-06-09,0.078771,0.0795,0.0777,0.079108,84598.599
2018-06-10,0.079108,0.0795,0.0755,0.07754,129509.836
2018-06-11,0.077482,0.07895,0.075,0.077297,111567.055
2018-06-12,0.077298,0.078399,0.074409,0.075564,124559.809
2018-06-13,0.075564,0.07639,0.07225,0.07558,133361.932
2018-06-14,0.07558,0.079096,0.072705,0.078267,150760.023
2018-06-15,0.078281,0.078456,0.074631,0.076348,112289.93
2018-06-16,0.076349,0.0775,0.07588,0.076593,76768.237
2018-06-17,0.076593,0.077567,0.07646,0.077072,72138.857
2018-06-18,0.07706,0.077684,0.07635,0.077185,86016.675
2018-06-19,0.077184,0.080173,0.076925,0.079811,101295.715
2018-06-20,0.079854,0.079927,0.078476,0.079353,90643.099
2018-06-21,0.079361,0.080394,0.077853,0.078334,102010.733
2018-06-22,0.078334,0.078375,0.075078,0.076419,122205.145
2018-06-23,0.076469,0.077515,0.075636,0.076946,83692.768
2018-06-24,0.076947,0.077222,0.0727,0.074027,122854.452
2018-06-25,0.074028,0.075563,0.0728,0.073401,102442.288
2018-06-26,0.07346,0.073682,0.070702,0.070826,62548.392
2018-06-27,0.070826,0.072166,0.069956,0.071957,102713.029
2018-06-28,0.07194,0.072189,0.070652,0.071832,94656.26
2018-06-29,0.071832,0.072084,0.0691,0.070112,113758.357
2018-06-30,0.070111,0.07171,0.069935,0.071058,116930.885
2018-07-01,0.071058,0.071536,0.070562,0.071152,89236.209
2018-07-02,0.071199,0.072469,0.070612,0.071989,117288.426
2018-07-03,0.071939,0.072889,0.070629,0.070873,139666.675
2018-07-04,0.070939,0.072085,0.070577,0.070923,77794.844
2018-07-05,0.070989,0.0719,0.070698,0.071614,120942.175
2018-07-06,0.071652,0.071939,0.070008,0.071192,116303.532
2018-07-07,0.071188,0.0719,0.070145,0.071897,81076.294
2018-07-08,0.071896,0.073104,0.071649,0.072534,77262.721
2018-07-09,0.072555,0.072796,0.070579,0.070795,90561.613
2018-07-10,0.070795,0.070882,0.06753,0.068648,123345.359
2018-07-11,0.06865,0.069946,0.067558,0.069747,89644.933
2018-07-12,0.069747,0.070258,0.06854,0.069004,83226.581
2018-07-13,0.06903,0.07052,0.068791,0.069534,83426.801
2018-07-14,0.069534,0.070023,0.06915,0.069321,67626.216
2018-07-15,0.069321,0.071147,0.069135,0.07075,64377.737
2018-07-16,0.07075,0.071898,0.070154,0.071264,94611.48
2018-07-17,0.071208,0.071477,0.068,0.068217,129405.675
2018-07-18,0.06818,0.068692,0.064484,0.064961,157902.201
2018-07-19,0.064962,0.06511,0.062372,0.062704,121296.921
2018-07-20,0.062752,0.062778,0.060375,0.06126,130582.77
2018-07-21,0.061204,0.063266,0.060895,0.062168,98257.17
2018-07-22,0.062168,0.06284,0.061448,0.061855,84620.285
2018-07-23,0.061855,0.061882,0.057955,0.058252,123159.135
2018-07-24,0.058272,0.059341,0.056511,0.057017,170909.476
2018-07-25,0.057048,0.05818,0.056778,0.057765,123353.979
2018-07-26,0.057727,0.058856,0.057569,0.058309,110329.063
2018-07-27,0.058309,0.05895,0.056703,0.057446,98918.122
2018-07-28,0.057447,0.057519,0.056686,0.056937,80417.052
2018-07-29,0.05699,0.057097,0.056554,0.056777,83117.255
2018-07-30,0.056794,0.057074,0.0555,0.055866,102153.439
2018-07-31,0.055862,0.056316,0.054356,0.055815,118270.566
2018-08-01,0.055818,0.056429,0.054463,0.05525,106706.644
2018-08-02,0.05525,0.055589,0.054143,0.05455,102662.715
2018-08-03,0.05455,0.056501,0.0542,0.056334,125645.875
2018-08-04,0.056335,0.058597,0.055767,0.05806,120329.456
2018-08-05,0.058064,0.05855,0.057664,0.05816,90958.492
2018-08-06,0.05816,0.0587,0.057658,0.0584,103169.849
2018-08-07,0.0584,0.05865,0.055274,0.056276,131323.965
2018-08-08,0.056276,0.057548,0.055454,0.05656,135726.762
2018-08-09,0.05656,0.057188,0.05541,0.055677,121047.698
2018-08-10,0.055629,0.056513,0.053645,0.053968,139655.611
2018-08-11,0.054028,0.054169,0.049669,0.050996,173695.183
2018-08-12,0.050994,0.051583,0.050189,0.050382,119707.879
2018-08-13,0.050389,0.050531,0.045,0.0454,193486.237
2018-08-14,0.0454,0.045445,0.041941,0.045008,255705.014
2018-08-15,0.04501,0.046369,0.044207,0.044836,199063.027
2018-08-16,0.04488,0.0463,0.044575,0.045424,143433.969
2018-08-17,0.045423,0.0485,0.045257,0.04824,202659.149
2018-08-18,0.048235,0.048659,0.044788,0.046044,163102.36
2018-08-19,0.046044,0.047486,0.045552,0.0462,116655.396
2018-08-20,0.046218,0.04659,0.042853,0.043324,162928.738
2018-08-21,0.043272,0.044101,0.041849,0.043399,154147.971
2018-08-22,0.043382,0.043876,0.041437,0.042533,176271.666
2018-08-23,0.042533,0.04323,0.041933,0.04229,138717.808
2018-08-24,0.04229,0.04245,0.041537,0.04205,168593.471
2018-08-25,0.042023,0.042065,0.041062,0.041225,141101.744
2018-08-26,0.041244,0.04127,0.040612,0.040912,138225.43
2018-08-27,0.040903,0.041761,0.040702,0.04167,193291.576
2018-08-28,0.04167,0.0419,0.040753,0.041725,193993.731
2018-08-29,0.041749,0.041939,0.040854,0.041014,176273.382
2018-08-30,0.041014,0.041319,0.039908,0.040662,179969.014
2018-08-31,0.040662,0.041,0.036388,0.040139,190581.698
2018-09-01,0.04014,0.041705,0.04012,0.041048,174869.27
2018-09-02,0.04105,0.041416,0.040012,0.040489,156883.801
2018-09-03,0.040477,0.040518,0.039537,0.039799,178750.544
2018-09-04,0.039799,0.03995,0.03851,0.038761,187477.69
2018-09-05,0.038775,0.038928,0.03392,0.034106,344168.05
2018-09-06,0.034098,0.035861,0.033341,0.035278,355106.32
2018-09-07,0.035278,0.035899,0.033513,0.033632,266276.779
2018-09-08,0.033632,0.03683,0.030956,0.031834,271781.063
2018-09-09,0.031834,0.03249,0.030124,0.031362,307184.387
2018-09-10,0.031362,0.032111,0.029956,0.03122,289604.692
2018-09-11,0.031228,0.031436,0.028473,0.029435,306767.518
2018-09-12,0.029422,0.029433,0.026882,0.028918,400898.733
2018-09-13,0.028904,0.032989,0.028887,0.032504,406418.787
2018-09-14,0.032504,0.034089,0.03151,0.0322,344382.592
2018-09-15,0.032243,0.034721,0.032105,0.034056,217478.043
2018-09-16,0.034013,0.034321,0.032565,0.033862,215014.548
2018-09-17,0.033861,0.034432,0.030946,0.031384,284983.138
2018-09-18,0.031384,0.033638,0.031119,0.032894,247061.004
2018-09-19,0.032894,0.033746,0.032241,0.032816,217203.21
2018-09-20,0.032816,0.034836,0.03236,0.034522,235455.02
2018-09-21,0.034549,0.0372,0.033402,0.036658,409984.208
2018-09-22,0.036657,0.037512,0.035123,0.035849,222334.661
2018-09-23,0.035849,0.036816,0.0354,0.036461,176995.878
2018-09-24,0.036442,0.036597,0.034302,0.034631,190414.077
2018-09-25,0.034631,0.03467,0.031994,0.034064,297526.658
2018-09-26,0.034065,0.034143,0.032479,0.033154,234835.34
2018-09-27,0.033154,0.03473,0.032644,0.034253,214927.273
2018-09-28,0.034241,0.034573,0.032815,0.033445,230903.126
2018-09-29,0.03344,0.035991,0.032923,0.035077,245968.895
2018-09-30,0.035106,0.0359,0.0346,0.035178,184624.784
2018-10-01,0.035175,0.03538,0.03449,0.035023,166101.347
2018-10-02,0.035012,0.035102,0.03425,0.034556,167738.176
2018-10-03,0.034556,0.034631,0.033532,0.033901,172215.524
2018-10-04,0.033901,0.034304,0.03357,0.033777,161036.799
2018-10-05,0.033774,0.034785,0.03346,0.034409,184892.636
2018-10-06,0.034399,0.0345,0.033995,0.034144,138183.973
2018-10-07,0.034144,0.034321,0.033889,0.034228,122929.65
2018-10-08,0.034223,0.03465,0.034003,0.034468,173388.82
2018-10-09,0.034481,0.034637,0.034218,0.034317,162576.744
2018-10-10,0.034319,0.034414,0.034073,0.034185,204182.053
2018-10-11,0.034185,0.034285,0.03048,0.030633,381280.37
2018-10-12,0.030633,0.031748,0.030606,0.031288,241722.363
2018-10-13,0.031299,0.032028,0.031251,0.031807,150620.776
2018-10-14,0.031807,0.032007,0.03086,0.031059,158085.302
2018-10-15,0.031053,0.033435,0.0308,0.031732,436303.837
2018-10-16,0.031757,0.032094,0.03136,0.031838,232077.15
2018-10-17,0.031838,0.032018,0.0314,0.0316,221946.119
2018-10-18,0.0316,0.031749,0.030924,0.031163,216793.623
2018-10-19,0.031163,0.031484,0.031039,0.031383,95286.064
2018-10-20,0.031387,0.03181,0.031285,0.03157,95097.179
2018-10-21,0.031578,0.03186,0.0314,0.031494,83821.507
2018-10-22,0.031487,0.031603,0.03127,0.031413,114465.28
2018-10-23,0.031413,0.031558,0.031063,0.031418,148898.879
2018-10-24,0.031418,0.031473,0.03115,0.031273,131064.636
2018-10-25,0.031274,0.031329,0.031041,0.031223,104742.39
2018-10-26,0.031216,0.031696,0.031118,0.031346,109273.704
2018-10-27,0.031346,0.031489,0.031298,0.031427,98752.745
2018-10-28,0.031423,0.031982,0.03135,0.031616,103299.688
2018-10-29,0.031616,0.031805,0.030834,0.03104,152062.91
2018-10-30,0.031041,0.03124,0.030922,0.031164,119787.712
2018-10-31,0.031165,0.031344,0.03085,0.03119,132035.656
2018-11-01,0.03119,0.03129,0.0311,0.031184,115155.445
2018-11-02,0.031184,0.031687,0.0311,0.031464,133957.915
2018-11-03,0.031464,0.031485,0.0313,0.031353,84467.213
2018-11-04,0.031353,0.033577,0.031264,0.032705,201761.826
2018-11-05,0.032705,0.032845,0.0322,0.032573,143719.901
2018-11-06,0.032561,0.033921,0.032401,0.033869,195035.061
2018-11-07,0.033869,0.034084,0.033175,0.033308,185653.554
2018-11-08,0.033309,0.03356,0.0328,0.032851,155000.223
2018-11-09,0.032851,0.033155,0.03263,0.032844,114030.439
2018-11-10,0.03285,0.033358,0.0328,0.033136,84544.247
2018-11-11,0.033136,0.033218,0.0328,0.032976,86448.707
2018-11-12,0.032976,0.033132,0.032801,0.03299,103848.438
2018-11-13,0.032987,0.03305,0.032349,0.032479,124181.665
2018-11-14,0.03248,0.032523,0.030033,0.031677,322149.201
2018-11-15,0.031679,0.032332,0.031267,0.032026,260594.911
2018-11-16,0.032026,0.032197,0.0312,0.031294,160277.516
2018-11-17,0.031302,0.031601,0.0311,0.03131,134241.033
2018-11-18,0.03131,0.03194,0.03126,0.0316,120896.796
2018-11-19,0.0316,0.031642,0.02904,0.030636,411823.98
2018-11-20,0.030647,0.030946,0.02875,0.029316,712970.833
2018-11-21,0.029319,0.03015,0.028761,0.029671,353292.947
2018-11-22,0.029653,0.029912,0.028894,0.02895,193061.678
2018-11-23,0.028942,0.029199,0.027974,0.028291,244056.77
2018-11-24,0.028295,0.029376,0.028104,0.029216,270075.505
2018-11-25,0.029215,0.029486,0.027855,0.029038,404295.707
2018-11-26,0.029037,0.0292,0.028283,0.028671,320271.264
2018-11-27,0.02866,0.029088,0.027765,0.028761,277443.68
2018-11-28,0.028746,0.029098,0.02791,0.028808,295828.579
2018-11-29,0.0288,0.028912,0.027371,0.027461,274767.411
2018-11-30,0.027464,0.028542,0.0273,0.028158,232763.908
2018-12-01,0.028156,0.028834,0.027818,0.02818,167738.64
2018-12-02,0.028178,0.028341,0.027877,0.028026,147257.616
2018-12-03,0.028026,0.028449,0.0277,0.027983,174282.309
2018-12-04,0.027989,0.028113,0.0277,0.027809,183794.325
2018-12-05,0.027813,0.027896,0.027203,0.027266,187578.403
2018-12-06,0.027272,0.027338,0.025543,0.025976,347300.301
2018-12-07,0.025948,0.027784,0.02463,0.027341,530450.634
2018-12-08,0.027341,0.028134,0.025501,0.026494,332746.829
2018-12-09,0.026484,0.027,0.026085,0.0263,211489.681
2018-12-10,0.026307,0.02645,0.025794,0.026179,174339.845
2018-12-11,0.026176,0.026534,0.025157,0.025962,170092.132
2018-12-12,0.025957,0.026359,0.025827,0.025954,163830.148
2018-12-13,0.025955,0.026536,0.025811,0.026148,209169.864
2018-12-14,0.026164,0.026305,0.025815,0.026,228967.56
2018-12-15,0.026001,0.026163,0.025853,0.026076,154288.115
2018-12-16,0.026085,0.026753,0.026077,0.026231,137636.493
2018-12-17,0.026232,0.027161,0.026161,0.026801,254595.164
2018-12-18,0.026801,0.027586,0.026415,0.027493,347066.626
2018-12-19,0.027493,0.02825,0.026881,0.026954,430273.581
2018-12-20,0.026958,0.028665,0.026751,0.028094,392753.556
2018-12-21,0.028087,0.028747,0.027501,0.028059,331529.632
2018-12-22,0.028051,0.0294,0.027791,0.029165,209087.616
2018-12-23,0.029162,0.033125,0.029133,0.032837,455408.705
2018-12-24,0.032845,0.037672,0.032745,0.034455,585615.65
2018-12-25,0.034468,0.034732,0.032907,0.03407,390213.907
2018-12-26,0.034069,0.035344,0.033409,0.034242,291513.201
2018-12-27,0.034245,0.034432,0.031302,0.031898,281173.985
2018-12-28,0.031899,0.0354,0.031506,0.03525,351840.058
2018-12-29,0.035246,0.037441,0.034141,0.035984,384344.02
2018-12-30,0.035984,0.036534,0.03496,0.036235,291989.233
2018-12-31,0.036234,0.036337,0.0353,0.035536,205103.854
2019-01-01,0.035534,0.037532,0.035315,0.036629,168390.91
2019-01-02,0.036611,0.04005,0.036501,0.039404,347117.744
2019-01-03,0.039415,0.039949,0.038156,0.038846,284859.389
2019-01-04,0.038854,0.04085,0.038551,0.040093,304951.98
2019-01-05,0.0401,0.041752,0.040096,0.040533,312691.91
2019-01-06,0.040532,0.040721,0.038377,0.03857,287921.195
2019-01-07,0.03857,0.038791,0.0373,0.037589,226585.723
2019-01-08,0.03756,0.037756,0.0369,0.037296,226887.581
2019-01-09,0.037297,0.038,0.037139,0.037337,195048.837
2019-01-10,0.037336,0.037445,0.034086,0.034853,397522.165
2019-01-11,0.034853,0.035322,0.033716,0.03462,266180.516
2019-01-12,0.034619,0.034996,0.034177,0.034404,158816.127
2019-01-13,0.034406,0.034448,0.032363,0.032845,194656.594
2019-01-14,0.032844,0.035476,0.032805,0.035005,290289.323
2019-01-15,0.035005,0.035556,0.0329,0.033502,328919.676
2019-01-16,0.033514,0.034779,0.033284,0.033836,277488.071
2019-01-17,0.03383,0.033969,0.033076,0.033647,224507.593
2019-01-18,0.033644,0.033716,0.03295,0.033148,172873.158
2019-01-19,0.033149,0.033768,0.033125,0.033441,173766.455
2019-01-20,0.033441,0.033521,0.032975,0.033214,201346.172
2019-01-21,0.033214,0.033289,0.032412,0.032765,155031.834
2019-01-22,0.032767,0.03316,0.032242,0.033004,207541.999
2019-01-23,0.033004,0.033114,0.0326,0.032773,184231.591
2019-01-24,0.032773,0.032831,0.032222,0.032608,252866.731
2019-01-25,0.032608,0.032987,0.032253,0.032305,188974.532
2019-01-26,0.032299,0.03258,0.032133,0.032341,149788.235
2019-01-27,0.032341,0.032426,0.031549,0.031565,213301.261
2019-01-28,0.031562,0.031735,0.029805,0.030719,341549.102
2019-01-29,0.030718,0.030994,0.030229,0.030619,209233.87
2019-01-30,0.03062,0.031586,0.030444,0.031311,198536.772
2019-01-31,0.031317,0.031762,0.03077,0.030996,191497.371
2019-02-01,0.031006,0.031136,0.03046,0.030827,152161.646
2019-02-02,0.030828,0.031621,0.030767,0.031519,119463.938
2019-02-03,0.03152,0.031668,0.030873,0.031035,127646.523
2019-02-04,0.031038,0.03138,0.030851,0.031078,130147.761
2019-02-05,0.031082,0.031158,0.030813,0.030912,143547.901
2019-02-06,0.030915,0.03105,0.029865,0.030697,198990.791
2019-02-07,0.030705,0.031007,0.030632,0.030738,128210.675
2019-02-08,0.030738,0.033039,0.030601,0.032579,307492.653
2019-02-09,0.032578,0.033041,0.032335,0.032528,173260.635
2019-02-10,0.032528,0.0342,0.03202,0.033999,221987.819
2019-02-11,0.034,0.034123,0.032945,0.033283,202842.894
2019-02-12,0.03329,0.03395,0.032999,0.03371,194257.662
2019-02-13,0.033711,0.03448,0.033586,0.033782,183469.916
2019-02-14,0.033771,0.034371,0.033501,0.033521,155448.019
2019-02-15,0.033531,0.034109,0.0335,0.033764,143522.885
2019-02-16,0.033769,0.03423,0.033715,0.033923,150569.567
2019-02-17,0.033922,0.036994,0.033862,0.03648,351931.559
2019-02-18,0.036478,0.0383,0.036253,0.037368,479848.667
2019-02-19,0.037394,0.03795,0.0366,0.036709,313216.507
2019-02-20,0.036705,0.037631,0.03603,0.037407,265931.326
2019-02-21,0.037397,0.037492,0.036512,0.037,183443.98
2019-02-22,0.037003,0.0374,0.036621,0.037182,152284.966
2019-02-23,0.037183,0.039082,0.036957,0.038312,241438.389
2019-02-24,0.038312,0.03985,0.035218,0.035302,485286.977
2019-02-25,0.035301,0.036778,0.0352,0.036013,362139.768
2019-02-26,0.036005,0.036127,0.035272,0.035766,251329.366
2019-02-27,0.035771,0.03654,0.0341,0.035366,308828.304
2019-02-28,0.035371,0.036003,0.034919,0.035485,340636.881
2019-03-01,0.03548,0.035831,0.035259,0.035388,183802.713
2019-03-02,0.035382,0.035514,0.034285,0.034698,192044.393
2019-03-03,0.034696,0.035159,0.033848,0.034293,141887.382
2019-03-04,0.034293,0.03432,0.03336,0.033825,236375.931
2019-03-05,0.033815,0.0356,0.033731,0.03545,278664.677
2019-03-06,0.035441,0.036099,0.034999,0.035575,216068.012
2019-03-07,0.035576,0.035884,0.03505,0.03532,201075.977
2019-03-08,0.035322,0.03544,0.034199,0.034555,251344.035
2019-03-09,0.034545,0.035382,0.034456,0.034809,269229.58
2019-03-10,0.034809,0.034957,0.034386,0.034567,217252.543
2019-03-11,0.034577,0.034639,0.034072,0.034267,244461.823
2019-03-12,0.034266,0.034849,0.03398,0.034412,227315.909
2019-03-13,0.034404,0.034423,0.03398,0.034068,225940.022
2019-03-14,0.034061,0.0345,0.0335,0.034107,209675.595
2019-03-15,0.034107,0.03503,0.034086,0.034804,210403.893
2019-03-16,0.034802,0.035752,0.034801,0.035175,258855.67
2019-03-17,0.035175,0.035188,0.034519,0.034828,180072.065
2019-03-18,0.034828,0.035248,0.034393,0.034499,171776.606
2019-03-19,0.034495,0.034824,0.034408,0.034494,128082.406
2019-03-20,0.034494,0.034535,0.034135,0.034394,167147.435
2019-03-21,0.034385,0.03444,0.03372,0.033883,197993.608
2019-03-22,0.033872,0.034306,0.033778,0.034093,159803.201
2019-03-23,0.034094,0.034452,0.034061,0.03427,117490.901
2019-03-24,0.034274,0.0343,0.033866,0.034086,141789.581
2019-03-25,0.034089,0.034238,0.033653,0.034029,218046.006
2019-03-26,0.034035,0.034156,0.033804,0.033987,227441.953
2019-03-27,0.033988,0.034734,0.033971,0.034521,252280.777
2019-03-28,0.034522,0.034588,0.0341,0.034234,165385.144
2019-03-29,0.03424,0.03495,0.034108,0.034892,223713.214
2019-03-30,0.034891,0.035409,0.034502,0.034685,200109.866
2019-03-31,0.034677,0.034687,0.03428,0.034482,138406.434
2019-04-01,0.034482,0.034615,0.033843,0.034087,175769.485
2019-04-02,0.034091,0.034114,0.030603,0.033618,564896.131
2019-04-03,0.033624,0.034948,0.031413,0.032438,593600.644
2019-04-04,0.032419,0.032666,0.031413,0.032118,339769.227
2019-04-05,0.032123,0.03336,0.03196,0.032943,239391.599
2019-04-06,0.032943,0.033416,0.032213,0.032808,210001.832
2019-04-07,0.032804,0.03405,0.032466,0.033702,244746.825
2019-04-08,0.033688,0.035259,0.033637,0.034129,439305.137
2019-04-09,0.034129,0.034468,0.03372,0.033906,245537.163
2019-04-10,0.033906,0.034767,0.032553,0.033372,286061.081
2019-04-11,0.033374,0.03339,0.032135,0.032707,290879.874
2019-04-12,0.032707,0.032839,0.032222,0.032339,158005.839
2019-04-13,0.032338,0.03254,0.032024,0.032303,108507.598
2019-04-14,0.032303,0.032679,0.032117,0.032567,100818.395
2019-04-15,0.032571,0.032684,0.031126,0.031835,178341.439
2019-04-16,0.031828,0.03233,0.031748,0.03197,154559.074
2019-04-17,0.031967,0.03202,0.031625,0.031859,120242.432
2019-04-18,0.031859,0.033297,0.031757,0.032962,167070.757
2019-04-19,0.032962,0.033125,0.032415,0.032829,159852.322
2019-04-20,0.03283,0.033248,0.032388,0.032666,129148.243
2019-04-21,0.032666,0.032735,0.031802,0.032067,150111.884
2019-04-22,0.032067,0.032455,0.031807,0.031836,143119.051
2019-04-23,0.031831,0.031859,0.030667,0.0308,213978.353
2019-04-24,0.0308,0.030833,0.0297,0.030438,228005.404
2019-04-25,0.030438,0.030501,0.029268,0.029643,225812.647
2019-04-26,0.029642,0.029872,0.029206,0.029722,213435.062
2019-04-27,0.029722,0.0304,0.029586,0.030079,122388.105
2019-04-28,0.030078,0.03012,0.0297,0.02973,116106.588
2019-04-29,0.029731,0.029868,0.029284,0.029614,146434.354
2019-04-30,0.029611,0.030565,0.029604,0.030418,185254.606
2019-05-01,0.03041,0.030639,0.029632,0.029753,153295.213
2019-05-02,0.029762,0.029936,0.029157,0.029455,140258.863
2019-05-03,0.029454,0.029616,0.028209,0.029115,225306.257
2019-05-04,0.029124,0.029232,0.027971,0.028083,186857.008
2019-05-05,0.028083,0.028429,0.027879,0.028231,154029.167
2019-05-06,0.028233,0.030786,0.028001,0.030097,291184.613
2019-05-07,0.030097,0.031406,0.02884,0.028913,331552.395
2019-05-08,0.028917,0.029149,0.028412,0.028537,151958.738
2019-05-09,0.028537,0.028538,0.027185,0.02753,175838.506
2019-05-10,0.027529,0.028106,0.02686,0.027118,212046.894
2019-05-11,0.027123,0.02878,0.02558,0.026875,438291.521
2019-05-12,0.026875,0.027295,0.026163,0.026992,273981.457
2019-05-13,0.026992,0.027232,0.024647,0.025142,308007.76
2019-05-14,0.025142,0.02785,0.024851,0.027239,395733.744
2019-05-15,0.027239,0.030631,0.027077,0.030375,345192.129
2019-05-16,0.030369,0.034848,0.030319,0.033609,813147.746
2019-05-17,0.033607,0.03394,0.031546,0.033219,592578.691
2019-05-18,0.033203,0.033417,0.031963,0.032184,244762.236
2019-05-19,0.032185,0.032436,0.031552,0.031811,259657.372
2019-05-20,0.031812,0.032246,0.031066,0.031549,263288.295
2019-05-21,0.03155,0.032763,0.031539,0.03206,310865.683
2019-05-22,0.032047,0.032613,0.031373,0.031953,283822.028
2019-05-23,0.031952,0.032137,0.03072,0.031163,271228.724
2019-05-24,0.031163,0.031683,0.031016,0.031246,214077.747
2019-05-25,0.031237,0.031899,0.03105,0.03119,147505.592
2019-05-26,0.031184,0.031374,0.030138,0.030688,196522.494
2019-05-27,0.030688,0.031419,0.030374,0.030918,240658.252
2019-05-28,0.030928,0.031526,0.030669,0.031106,204794.587
2019-05-29,0.031103,0.03139,0.030771,0.031098,198511.762
2019-05-30,0.031107,0.033153,0.029742,0.030776,476963.897
2019-05-31,0.030787,0.03135,0.030217,0.031314,256406.338
2019-06-01,0.031314,0.032139,0.03084,0.03095,206081.663
2019-06-02,0.03095,0.031315,0.030686,0.030817,129550.318
2019-06-03,0.030817,0.031122,0.030344,0.0308,181939.602
2019-06-04,0.0308,0.031584,0.03065,0.031396,232693.604
2019-06-05,0.031397,0.031838,0.030927,0.031591,172192.243
2019-06-06,0.031582,0.032093,0.031267,0.031955,137872.642
2019-06-07,0.031955,0.032127,0.031111,0.031196,174222.834
2019-06-08,0.031191,0.03134,0.030754,0.030815,111279.94
2019-06-09,0.030815,0.030962,0.03,0.030284,138030.521
2019-06-10,0.030284,0.031095,0.030203,0.030904,156007.202
2019-06-11,0.030903,0.03124,0.030696,0.030988,128279.087
2019-06-12,0.030988,0.032245,0.03083,0.032147,179283.458
2019-06-13,0.032131,0.032295,0.030764,0.030996,201941.664
2019-06-14,0.031004,0.031198,0.03022,0.030355,207795.8
2019-06-15,0.030345,0.030873,0.030181,0.030399,172508.474
2019-06-16,0.030399,0.030453,0.029363,0.029901,212717.726
2019-06-17,0.029902,0.029972,0.029036,0.029333,219789.323
2019-06-18,0.029337,0.029496,0.028814,0.02914,246870.174
2019-06-19,0.029144,0.029434,0.028904,0.028977,166155.226
2019-06-20,0.028974,0.029078,0.028059,0.028507,187177.92
2019-06-21,0.028503,0.02985,0.028501,0.028969,338634.944
2019-06-22,0.028968,0.029749,0.027821,0.028956,421688.171
2019-06-23,0.028957,0.029442,0.028087,0.028289,218069.165
2019-06-24,0.028286,0.028629,0.02798,0.028197,171628.398
2019-06-25,0.028201,0.028226,0.026866,0.026919,237456.241
2019-06-26,0.026922,0.027634,0.025325,0.025913,670241.487
2019-06-27,0.025924,0.027345,0.025649,0.026344,517474.155
2019-06-28,0.026337,0.027107,0.024981,0.025061,291536.83
2019-06-29,0.025061,0.027124,0.024989,0.0267,303720.865
2019-06-30,0.026706,0.027076,0.026051,0.026972,295754.873
2019-07-01,0.026967,0.028,0.026637,0.027769,332817.036
2019-07-02,0.027769,0.028319,0.026537,0.026889,309816.713
2019-07-03,0.026878,0.026895,0.025165,0.02522,285313.78
2019-07-04,0.02522,0.025673,0.02485,0.02537,238026.155
2019-07-05,0.02537,0.026432,0.025134,0.026171,207789.183
2019-07-06,0.026173,0.026211,0.025274,0.025612,137630.631
2019-07-07,0.025605,0.02707,0.025525,0.026706,152596.74
2019-07-08,0.026713,0.026933,0.025255,0.025487,194105.325
2019-07-09,0.025487,0.0256,0.024374,0.024511,250516.643
2019-07-10,0.024517,0.024567,0.022934,0.023875,330910.63
2019-07-11,0.023871,0.024267,0.023061,0.023677,244858.233
2019-07-12,0.023677,0.024072,0.023199,0.023353,172963.957
2019-07-13,0.023354,0.024347,0.023269,0.023664,158712.786
2019-07-14,0.023664,0.024092,0.022002,0.022198,343151.864
2019-07-15,0.022196,0.022333,0.020542,0.021066,373483.682
2019-07-16,0.021066,0.021432,0.020138,0.02109,346804.127
2019-07-17,0.021089,0.02235,0.020961,0.021799,299583.957
2019-07-18,0.021802,0.022388,0.021013,0.021241,346544.195
2019-07-19,0.021246,0.021292,0.0208,0.021023,161520.954
2019-07-20,0.021014,0.021879,0.021007,0.021251,167224.836
2019-07-21,0.021251,0.021428,0.021001,0.021285,119559.115
2019-07-22,0.021291,0.021389,0.020812,0.021038,134996.48
2019-07-23,0.021043,0.021701,0.020969,0.021538,149263.46
2019-07-24,0.021537,0.022492,0.02087,0.022155,175628.182
2019-07-25,0.02215,0.022393,0.021923,0.022179,146094.275
2019-07-26,0.022178,0.022392,0.021932,0.022271,111078.215
2019-07-27,0.022268,0.022296,0.021584,0.021871,143970.078
2019-07-28,0.021871,0.022364,0.021622,0.022165,138864.472
2019-07-29,0.022171,0.022269,0.021911,0.022183,103601.384
2019-07-30,0.022184,0.02222,0.02175,0.021893,109432.911
2019-07-31,0.02189,0.022164,0.02143,0.021666,132203.098
2019-08-01,0.021665,0.021671,0.020733,0.020896,116464.592
2019-08-02,0.020897,0.021156,0.02056,0.020689,140567.7
2019-08-03,0.020689,0.020941,0.020362,0.020536,109000.896
2019-08-04,0.020536,0.020607,0.020117,0.020292,95859.774
2019-08-05,0.020294,0.020374,0.01941,0.019744,183482.979
2019-08-06,0.019742,0.019939,0.01908,0.019711,220398.337
2019-08-07,0.019705,0.019759,0.018759,0.018878,180927.492
2019-08-08,0.018882,0.0191,0.018388,0.018445,166776.243
2019-08-09,0.018451,0.01854,0.017567,0.017725,170658.562
2019-08-10,0.017725,0.018271,0.017712,0.018256,164152.236
2019-08-11,0.018254,0.01899,0.018247,0.018742,155681.441
2019-08-12,0.018744,0.018764,0.018504,0.018557,88837.385
2019-08-13,0.018562,0.019289,0.018334,0.019211,140283.782
2019-08-14,0.019212,0.01979,0.018084,0.018608,218092.69
2019-08-15,0.018607,0.018763,0.017978,0.018255,150505.462
2019-08-16,0.018255,0.018525,0.017615,0.017895,173287.024
2019-08-17,0.017893,0.018268,0.017788,0.018172,127042.804
2019-08-18,0.018169,0.018999,0.018069,0.018861,131483.235
2019-08-19,0.018859,0.019,0.018375,0.018528,135202.238
2019-08-20,0.01853,0.01867,0.01821,0.018267,110856.967
2019-08-21,0.018266,0.018623,0.0181,0.018478,146083.004
2019-08-22,0.018485,0.019178,0.018478,0.018854,162322.3
2019-08-23,0.018854,0.019029,0.01848,0.018659,136441.989
2019-08-24,0.018659,0.018983,0.018511,0.018814,136021.444
2019-08-25,0.018812,0.018884,0.018285,0.018398,113275.245
2019-08-26,0.018404,0.018639,0.018064,0.018178,145892.256
2019-08-27,0.018179,0.018678,0.01811,0.018391,128297.905
2019-08-28,0.018392,0.018437,0.01723,0.017794,146523.572
2019-08-29,0.017799,0.017966,0.017447,0.017805,140246.225
2019-08-30,0.017805,0.017923,0.017496,0.017582,103549.311
2019-08-31,0.017581,0.018093,0.017384,0.017892,124807.682
2019-09-01,0.017892,0.018006,0.017504,0.017558,74999.257
2019-09-02,0.017555,0.01772,0.017153,0.017211,120210.315
2019-09-03,0.017213,0.017296,0.016705,0.016842,134235.103
2019-09-04,0.016843,0.016988,0.016418,0.016537,142588.833
2019-09-05,0.016538,0.016619,0.016166,0.016443,112353.338
2019-09-06,0.016444,0.01656,0.01615,0.016415,143681.387
2019-09-07,0.016415,0.017186,0.016296,0.016985,138370.958
2019-09-08,0.016986,0.0176,0.016984,0.017449,170520.382
2019-09-09,0.017447,0.01777,0.017221,0.017519,176227.174
2019-09-10,0.017521,0.017844,0.017512,0.01781,105628.8
2019-09-11,0.017809,0.018,0.017455,0.017551,144501.23
2019-09-12,0.017553,0.017653,0.017352,0.017352,113338.218
2019-09-13,0.017352,0.017639,0.017286,0.017496,104895.855
2019-09-14,0.017496,0.018239,0.016936,0.018208,124154.537
2019-09-15,0.018208,0.018436,0.018047,0.01835,115002.67
2019-09-16,0.01835,0.019558,0.018348,0.019241,214015.177
2019-09-17,0.019243,0.021003,0.019172,0.0204,337351.844
2019-09-18,0.020403,0.0215,0.020394,0.020697,297338.179
2019-09-19,0.020702,0.022229,0.020259,0.021499,345593.043
2019-09-20,0.021498,0.021563,0.02103,0.021443,163968.763
2019-09-21,0.021443,0.021796,0.021411,0.021535,105327.899
2019-09-22,0.021535,0.02157,0.0206,0.02106,120079.371
2019-09-23,0.021062,0.021348,0.020539,0.020746,128753.684
2019-09-24,0.020742,0.020786,0.018802,0.019488,516556.707
2019-09-25,0.019508,0.020341,0.019421,0.020163,288352.277
2019-09-26,0.020162,0.020619,0.019648,0.020579,237000.69
2019-09-27,0.020578,0.021603,0.020436,0.021257,204037.048
2019-09-28,0.021257,0.021504,0.02093,0.021158,170323.394
2019-09-29,0.021158,0.021233,0.02068,0.021042,140612.554
2019-09-30,0.021042,0.021865,0.021018,0.021817,200400.654
2019-10-01,0.021813,0.022085,0.021007,0.021182,179827.998
2019-10-02,0.021182,0.021702,0.021082,0.021566,130714.545
2019-10-03,0.021566,0.021578,0.020978,0.021241,123967.354
2019-10-04,0.02124,0.021798,0.021228,0.02158,118674.248
2019-10-05,0.021581,0.021815,0.021378,0.021682,98673.187
2019-10-06,0.021683,0.021987,0.021424,0.021654,119761.447
2019-10-07,0.021651,0.022103,0.021599,0.021959,180186.364
2019-10-08,0.02196,0.022318,0.02177,0.0221,160620.883
2019-10-09,0.022099,0.023037,0.022,0.022495,251872.224
2019-10-10,0.022495,0.022642,0.022015,0.022339,178047.486
2019-10-11,0.02234,0.022687,0.021592,0.021873,197535.485
2019-10-12,0.021875,0.022104,0.021379,0.021645,123648.175
2019-10-13,0.021644,0.022,0.02157,0.021874,112890.756
2019-10-14,0.021873,0.022473,0.02185,0.022372,115375.116
2019-10-15,0.022372,0.022525,0.02185,0.022119,140024.076
2019-10-16,0.022117,0.022201,0.0217,0.021833,128927.193
2019-10-17,0.021833,0.022077,0.021756,0.021952,108131.074
2019-10-18,0.02195,0.022086,0.0215,0.021744,131114.775
2019-10-19,0.021742,0.021948,0.021413,0.021619,102831.493
2019-10-20,0.021618,0.021709,0.021215,0.021309,91379.531
2019-10-21,0.021305,0.021474,0.021001,0.021227,118664.822
2019-10-22,0.021223,0.021365,0.0209,0.021348,129682.643
2019-10-23,0.021347,0.02179,0.020691,0.021742,317752.826
2019-10-24,0.021742,0.021849,0.021377,0.021636,165935.448
2019-10-25,0.021637,0.021958,0.020816,0.020963,264172.572
2019-10-26,0.020966,0.021052,0.018856,0.019441,382801.989
2019-10-27,0.019438,0.019598,0.0191,0.019292,198741.595
2019-10-28,0.019292,0.019785,0.018975,0.019733,203839.894
2019-10-29,0.019735,0.020458,0.019558,0.020246,204988.687
2019-10-30,0.020246,0.020543,0.019868,0.020006,175707.401
2019-10-31,0.020008,0.020153,0.019602,0.019928,141846.922
2019-11-01,0.019931,0.020068,0.019513,0.019808,121987.678
2019-11-02,0.019809,0.019896,0.019593,0.019688,72667.525
2019-11-03,0.019688,0.01993,0.019612,0.019739,76486.694
2019-11-04,0.019743,0.020217,0.019665,0.01977,140996.812
2019-11-05,0.019769,0.020571,0.019701,0.020271,141847.689
2019-11-06,0.020267,0.020745,0.020209,0.020464,145468.277
2019-11-07,0.020468,0.020517,0.020137,0.020258,126894.675
2019-11-08,0.020258,0.02098,0.02011,0.02094,155658.789
2019-11-09,0.020941,0.021067,0.020783,0.02099,105277.254
2019-11-10,0.020995,0.021618,0.020784,0.020905,141729.902
2019-11-11,0.020906,0.021491,0.020891,0.021178,101916.238
2019-11-12,0.021177,0.021425,0.021064,0.021213,104835.076
2019-11-13,0.021213,0.021592,0.02116,0.02143,103518.752
2019-11-14,0.02143,0.021522,0.021225,0.021387,115091.694
2019-11-15,0.021387,0.021487,0.02095,0.021247,163950.564
2019-11-16,0.021247,0.021628,0.02123,0.021478,106218.335
2019-11-17,0.021479,0.021713,0.021341,0.021621,110392.208
2019-11-18,0.021621,0.021788,0.021427,0.021762,145130.821
2019-11-19,0.021763,0.021772,0.021386,0.021632,131660.329
2019-11-20,0.021631,0.021824,0.021436,0.021578,120661.327
2019-11-21,0.021578,0.021693,0.02085,0.021111,202325.831
2019-11-22,0.021107,0.021215,0.020265,0.020577,345815.015
2019-11-23,0.020577,0.021067,0.020393,0.020767,121657.216
2019-11-24,0.020766,0.02099,0.0202,0.020272,114663.58
2019-11-25,0.020279,0.021096,0.02013,0.020491,246615.848
2019-11-26,0.020505,0.020833,0.020349,0.020607,130640.159
2019-11-27,0.020609,0.020778,0.020259,0.020323,173949.094
2019-11-28,0.020324,0.020481,0.020028,0.02032,118628.408
2019-11-29,0.02032,0.02051,0.019769,0.019958,151319.852
2019-11-30,0.01996,0.020179,0.019811,0.020078,113296.267
2019-12-01,0.020078,0.020577,0.019941,0.020392,122514.995
2019-12-02,0.020392,0.02053,0.02022,0.020378,92870.165
2019-12-03,0.020378,0.020401,0.02012,0.020175,89803.648
2019-12-04,0.020181,0.020373,0.0195,0.020212,151509.348
2019-12-05,0.020217,0.020245,0.019776,0.020046,115132.425
2019-12-06,0.020045,0.020106,0.019677,0.019721,102441.823
2019-12-07,0.019722,0.019786,0.019607,0.019652,78294.16
2019-12-08,0.01965,0.020107,0.019601,0.020031,87245.106
2019-12-09,0.020026,0.020142,0.019757,0.02008,100941.143
2019-12-10,0.02008,0.020232,0.019912,0.020149,112098.75
2019-12-11,0.020149,0.020195,0.01977,0.019888,77035.268
2019-12-12,0.019888,0.020181,0.019598,0.020125,107361.328
2019-12-13,0.020126,0.020147,0.01982,0.019953,82140.887
2019-12-14,0.019951,0.02015,0.019767,0.020072,64800.361
2019-12-15,0.020072,0.020142,0.01987,0.020012,61261.984
2019-12-16,0.020013,0.020082,0.0188,0.019257,188210.275
2019-12-17,0.019259,0.019327,0.018194,0.01841,191747.629
2019-12-18,0.01841,0.018796,0.018001,0.01825,248843.983
2019-12-19,0.018251,0.018326,0.017586,0.017917,162720.936
2019-12-20,0.017916,0.017975,0.017734,0.017832,86037.19
2019-12-21,0.017834,0.017895,0.017731,0.017806,69830.887
2019-12-22,0.017809,0.018174,0.0176,0.017616,97401.926
2019-12-23,0.017616,0.017758,0.017223,0.017463,133743.344
2019-12-24,0.017463,0.01776,0.017367,0.017604,96212.375
2019-12-25,0.017602,0.017622,0.017184,0.017371,95405.417
2019-12-26,0.017369,0.017831,0.017297,0.01744,106149.332
2019-12-27,0.017438,0.017525,0.017258,0.017415,109292.55
2019-12-28,0.017409,0.017647,0.01737,0.017512,93429.335
2019-12-29,0.017513,0.018336,0.017484,0.018184,136887.525
2019-12-30,0.018185,0.018402,0.017916,0.018161,134313.801
2019-12-31,0.018161,0.018303,0.017867,0.017953,98149.386
2020-01-01,0.017954,0.018356,0.01792,0.01815,69117.568
2020-01-02,0.018152,0.018319,0.017965,0.018256,79445.908
2020-01-03,0.018257,0.018425,0.0178,0.018297,151077.847
2020-01-04,0.018298,0.01836,0.01814,0.018248,84277.158
2020-01-05,0.018247,0.018565,0.018152,0.0184,107997.202
2020-01-06,0.0184,0.0189,0.018337,0.018576,144012.137
2020-01-07,0.018577,0.018586,0.017515,0.017528,167537.543
2020-01-08,0.017528,0.01753,0.016958,0.017472,192643.264
2020-01-09,0.017472,0.017705,0.017319,0.017618,122471.471
2020-01-10,0.01762,0.01797,0.017455,0.017675,155796.316
2020-01-11,0.017672,0.018061,0.017503,0.017753,119027.533
2020-01-12,0.017753,0.017927,0.017625,0.017906,91872.284
2020-01-13,0.017904,0.017945,0.01757,0.017703,89804.749
2020-01-14,0.017704,0.019324,0.017364,0.018799,345535.618
2020-01-15,0.018799,0.01945,0.018412,0.01887,246283.406
2020-01-16,0.018864,0.018946,0.018401,0.018829,149250.898
2020-01-17,0.018827,0.019425,0.018687,0.019064,215287.996
2020-01-18,0.019064,0.020039,0.01873,0.019529,237676.841
2020-01-19,0.019529,0.019668,0.018877,0.019172,196376.677
2020-01-20,0.019171,0.019408,0.01888,0.019306,96873.191
2020-01-21,0.019307,0.019536,0.019179,0.019396,106263.574
2020-01-22,0.019397,0.019535,0.019204,0.019357,82001.798
2020-01-23,0.019359,0.019535,0.019115,0.01937,116684.039
2020-01-24,0.019371,0.019428,0.01883,0.019262,107081.072
2020-01-25,0.01926,0.019362,0.018989,0.019226,60166.675
2020-01-26,0.019225,0.019553,0.01916,0.019489,78580.981
2020-01-27,0.019489,0.019538,0.01905,0.019089,111610.214
2020-01-28,0.019088,0.019167,0.018705,0.018735,148049.413
2020-01-29,0.018732,0.019059,0.018652,0.018675,101111.146
2020-01-30,0.018677,0.019544,0.018505,0.019411,154476.014
2020-01-31,0.019412,0.01955,0.019001,0.019243,125464.346
2020-02-01,0.019244,0.019584,0.019168,0.019565,106094.063
2020-02-02,0.019564,0.020439,0.019431,0.020188,185726.589
2020-02-03,0.020189,0.020535,0.020122,0.02042,145555.184
2020-02-04,0.020418,0.020575,0.02013,0.020544,137229.903
2020-02-05,0.020542,0.02144,0.020468,0.021199,204662.351
2020-02-06,0.0212,0.021976,0.021073,0.021815,244864.696
2020-02-07,0.021816,0.022825,0.02181,0.022757,263697.708
2020-02-08,0.022765,0.023156,0.022082,0.022537,252956.094
2020-02-09,0.022541,0.022865,0.022297,0.022515,170890.092
2020-02-10,0.022513,0.022812,0.022063,0.022625,218087.353
2020-02-11,0.022626,0.023299,0.022352,0.023153,248833.603
2020-02-12,0.023154,0.0265,0.023143,0.025733,424982.643
2020-02-13,0.025732,0.026849,0.02513,0.026231,389521.236
2020-02-14,0.026231,0.027743,0.025744,0.027572,314186.604
2020-02-15,0.027572,0.027844,0.026585,0.026743,395849.912
2020-02-16,0.026742,0.02739,0.02455,0.026105,367016.144
2020-02-17,0.02611,0.027658,0.02488,0.0276,346650.133
2020-02-18,0.0276,0.0285,0.026953,0.0278,361827.6
2020-02-19,0.0278,0.028112,0.026678,0.026936,226206.973
2020-02-20,0.026937,0.027412,0.025915,0.026779,264457.907
2020-02-21,0.026781,0.027549,0.026502,0.027405,178330.937
2020-02-22,0.027408,0.027495,0.026775,0.027101,114864.683
2020-02-23,0.027096,0.027651,0.027003,0.027619,141481.417
2020-02-24,0.027628,0.027799,0.027079,0.027509,191261.041
2020-02-25,0.027509,0.027539,0.026423,0.026488,189387.359
2020-02-26,0.026475,0.0267,0.0248,0.025489,344008.309
2020-02-27,0.025487,0.026631,0.024566,0.025805,317644.438
2020-02-28,0.025813,0.02637,0.02527,0.026088,206817.701
2020-02-29,0.026087,0.026593,0.025457,0.025505,129398.098
2020-03-01,0.025498,0.026054,0.025139,0.02551,161289.309
2020-03-02,0.02552,0.026299,0.025401,0.026029,170137.427
2020-03-03,0.02603,0.02614,0.025409,0.025555,154141.252
2020-03-04,0.025556,0.025952,0.025391,0.025627,128795.64
2020-03-05,0.025627,0.025765,0.025008,0.025221,159601.18
2020-03-06,0.025221,0.026846,0.025188,0.026827,208879.412
2020-03-07,0.02682,0.027495,0.026612,0.026692,214318.163
2020-03-08,0.026692,0.026695,0.024458,0.024815,329411.459
2020-03-09,0.024818,0.026172,0.024681,0.025575,344665.082
2020-03-10,0.025572,0.025717,0.025057,0.025424,217683.327
2020-03-11,0.025424,0.025581,0.0239,0.024532,214022.678
2020-03-12,0.024526,0.024574,0.020995,0.02241,932675.792
2020-03-13,0.022411,0.025369,0.021803,0.024048,1396957.115
2020-03-14,0.024057,0.024434,0.023469,0.02367,376290.077
2020-03-15,0.023671,0.023822,0.022214,0.023087,329787.791
2020-03-16,0.023084,0.0233,0.021804,0.022076,576196.175
2020-03-17,0.022076,0.02257,0.021556,0.021771,272079.264
2020-03-18,0.021771,0.02203,0.021599,0.02189,349440.113
2020-03-19,0.021893,0.022353,0.021563,0.022124,505376.144
2020-03-20,0.02212,0.02277,0.020427,0.021498,488626.267
2020-03-21,0.021497,0.021582,0.021111,0.021434,209970.85
2020-03-22,0.021433,0.021527,0.020813,0.021026,187871.71
2020-03-23,0.021029,0.021327,0.02046,0.02101,233904.724
2020-03-24,0.021016,0.021137,0.020469,0.020529,231568.444
2020-03-25,0.020526,0.021083,0.020302,0.020377,227025.723
2020-03-26,0.020377,0.020655,0.020191,0.020546,195836.059
2020-03-27,0.020548,0.020777,0.020299,0.020648,208257.58
2020-03-28,0.020647,0.02135,0.020506,0.020996,270428.242
2020-03-29,0.020997,0.021274,0.020868,0.021158,151940.315
2020-03-30,0.021158,0.021299,0.02046,0.020657,234769.35
2020-03-31,0.020659,0.020851,0.020406,0.020704,167722.332
2020-04-01,0.020706,0.021156,0.02039,0.02042,230553.796
2020-04-02,0.020422,0.021112,0.02042,0.020797,292585.437
2020-04-03,0.020797,0.021077,0.020757,0.02099,209258.855
2020-04-04,0.020992,0.021229,0.020813,0.021015,199334.167
2020-04-05,0.021015,0.021199,0.020966,0.021063,112856.479
2020-04-06,0.021068,0.023444,0.021013,0.023375,485374.047
2020-04-07,0.023377,0.023717,0.022744,0.022872,437355.06
2020-04-08,0.022872,0.023588,0.022772,0.023517,245944.443
2020-04-09,0.02352,0.023584,0.023209,0.023275,159752.851
2020-04-10,0.02328,0.02334,0.022426,0.023003,354426.063
2020-04-11,0.023008,0.023267,0.022744,0.023022,159144.829
2020-04-12,0.023022,0.023212,0.022814,0.022979,169498.436
2020-04-13,0.022977,0.023118,0.0226,0.022856,256938.773
2020-04-14,0.022856,0.023273,0.022818,0.023072,171933.66
2020-04-15,0.023069,0.023394,0.022856,0.023067,269213.196
2020-04-16,0.023067,0.024737,0.022886,0.024262,401814.38
2020-04-17,0.024267,0.024479,0.023877,0.024285,191044.493
2020-04-18,0.024285,0.026028,0.024275,0.025855,296751.14
2020-04-19,0.025854,0.025993,0.024931,0.025282,281345.082
2020-04-20,0.025276,0.025866,0.024681,0.024928,325383.188
2020-04-21,0.024928,0.025304,0.024811,0.024955,194026.315
2020-04-22,0.024956,0.025741,0.024894,0.025647,220752.192
2020-04-23,0.025647,0.026023,0.0246,0.024795,417281.373
2020-04-24,0.024798,0.0251,0.02475,0.02499,215051.111
2020-04-25,0.024993,0.025932,0.024916,0.025763,215679.388
2020-04-26,0.025763,0.025967,0.025505,0.025659,157571.514
2020-04-27,0.025664,0.025697,0.024875,0.025259,228940.967
2020-04-28,0.025252,0.025493,0.025101,0.025361,176378.605
2020-04-29,0.02536,0.026,0.024199,0.024534,451019.414
2020-04-30,0.024536,0.024663,0.02361,0.023895,376714.498
2020-05-01,0.023898,0.024367,0.023864,0.024022,196096.695
2020-05-02,0.024021,0.02417,0.023779,0.02384,175287.109
2020-05-03,0.023839,0.024004,0.023419,0.023592,157352.454
2020-05-04,0.023594,0.023679,0.02274,0.023282,208133.334
2020-05-05,0.023279,0.023446,0.022722,0.022753,150319.264
2020-05-06,0.022757,0.023096,0.0217,0.02176,230881.873
2020-05-07,0.021758,0.022274,0.021047,0.021236,334674.158
2020-05-08,0.021232,0.021666,0.021183,0.021573,226721.451
2020-05-09,0.02157,0.022049,0.021486,0.022024,194237.967
2020-05-10,0.022027,0.022968,0.021363,0.021506,324042.391
2020-05-11,0.021504,0.021774,0.020967,0.021691,230659.372
2020-05-12,0.021695,0.021823,0.021323,0.021536,165469.726
2020-05-13,0.021536,0.02173,0.021115,0.021442,215400.098
2020-05-14,0.021441,0.02145,0.020483,0.020761,246046.086
2020-05-15,0.020763,0.021325,0.020682,0.020912,310301.16
2020-05-16,0.02091,0.021521,0.020868,0.02137,225249.033
2020-05-17,0.021369,0.02154,0.020931,0.02139,196590.996
2020-05-18,0.021387,0.022263,0.021314,0.022082,271882.904
2020-05-19,0.022082,0.02216,0.021801,0.021951,145515.283
2020-05-20,0.021948,0.022178,0.02162,0.022079,148572.944
2020-05-21,0.022076,0.022259,0.02174,0.021919,200407.543
2020-05-22,0.021917,0.022714,0.021822,0.022614,193928.573
2020-05-23,0.022614,0.022794,0.022446,0.022502,156020.655
2020-05-24,0.022504,0.023204,0.0225,0.022928,203861.529
2020-05-25,0.022924,0.023244,0.02287,0.022937,187357.415
2020-05-26,0.022937,0.023035,0.022598,0.022725,186630.46
2020-05-27,0.022726,0.023024,0.022421,0.022634,183891.192
2020-05-28,0.022634,0.023006,0.022135,0.023,213469.37
2020-05-29,0.023,0.02355,0.023,0.023407,212933.132
2020-05-30,0.023406,0.025601,0.023334,0.025128,282033.336
2020-05-31,0.025126,0.025393,0.024439,0.024511,269739.631
2020-06-01,0.024507,0.025275,0.024113,0.024337,268852.501
2020-06-02,0.024338,0.025224,0.023945,0.024977,286540.628
2020-06-03,0.024975,0.025371,0.02478,0.025305,168495.386
2020-06-04,0.025305,0.025489,0.024478,0.024843,227594.639
2020-06-05,0.024842,0.025155,0.024717,0.02495,143537.776
2020-06-06,0.02495,0.025199,0.024886,0.025028,129871.394
2020-06-07,0.025024,0.02518,0.024716,0.02509,186186.658
2020-06-08,0.025092,0.025273,0.024925,0.025193,138261.531
2020-06-09,0.025193,0.0255,0.024854,0.024948,168627.415
2020-06-10,0.024948,0.025152,0.02482,0.025067,194762.077
2020-06-11,0.025067,0.025191,0.024574,0.024837,257166.348
2020-06-12,0.024842,0.0252,0.024682,0.025098,155475.357
2020-06-13,0.025098,0.02528,0.024985,0.025138,114441.097
2020-06-14,0.025137,0.025226,0.024807,0.024809,124583.069
2020-06-15,0.024809,0.024844,0.024251,0.024493,235774.244
2020-06-16,0.024492,0.024747,0.024303,0.024702,159193.271
2020-06-17,0.024701,0.02485,0.02457,0.024702,147845.024
2020-06-18,0.024704,0.024831,0.024442,0.024638,133198.199
2020-06-19,0.024642,0.02472,0.024381,0.024598,154175.311
2020-06-20,0.024597,0.024725,0.024405,0.024457,111457.048
2020-06-21,0.024459,0.024648,0.02443,0.024534,108685.39
2020-06-22,0.024534,0.02564,0.0245,0.025102,327600.973
2020-06-23,0.025102,0.025337,0.025026,0.025263,234531.721
2020-06-24,0.025264,0.02582,0.025041,0.025233,330356.536
2020-06-25,0.025233,0.025347,0.025087,0.025136,220984.786
2020-06-26,0.025137,0.025222,0.025019,0.025065,236119.507
2020-06-27,0.025062,0.025162,0.024158,0.024516,223380.316
2020-06-28,0.024514,0.024822,0.0244,0.02467,177716.318
2020-06-29,0.024668,0.024899,0.024415,0.024804,230606.504
2020-06-30,0.024801,0.024883,0.024537,0.024685,172328.455
2020-07-01,0.024685,0.025086,0.02458,0.02502,203342.865
2020-07-02,0.025021,0.025066,0.024745,0.024925,222122.814
2020-07-03,0.024925,0.025015,0.024795,0.024829,159438.984
2020-07-04,0.024827,0.025105,0.024807,0.025085,152201.091
2020-07-05,0.025092,0.025141,0.024854,0.025087,142929.769
2020-07-06,0.025084,0.025874,0.025033,0.025862,302794.406
2020-07-07,0.025864,0.02603,0.025445,0.025859,246175.728
2020-07-08,0.025856,0.026368,0.02575,0.026174,388685.079
2020-07-09,0.026172,0.026304,0.025912,0.026206,232875.229
2020-07-10,0.026207,0.026224,0.025831,0.025973,180654.112
2020-07-11,0.02597,0.026027,0.02582,0.025902,146636.485
2020-07-12,0.025903,0.026145,0.025683,0.026102,215861.917
2020-07-13,0.0261,0.02632,0.025773,0.025918,245348.323
2020-07-14,0.025921,0.026121,0.025818,0.025978,169312.399
2020-07-15,0.025978,0.026039,0.025795,0.025941,172555.172
2020-07-16,0.025939,0.025958,0.02531,0.025574,216824.765
2020-07-17,0.025575,0.025658,0.025389,0.025419,192719.388
2020-07-18,0.025416,0.025764,0.025399,0.025698,179184.472
2020-07-19,0.025701,0.026005,0.025536,0.025966,169870.771
2020-07-20,0.025966,0.026051,0.025598,0.025765,231460.064
2020-07-21,0.025762,0.026277,0.025729,0.026154,304632.213
2020-07-22,0.02615,0.028349,0.026,0.027708,361901.108
2020-07-23,0.027711,0.029212,0.027442,0.028664,473630.05
2020-07-24,0.028673,0.029832,0.02825,0.029262,333287.431
2020-07-25,0.029266,0.031767,0.02926,0.03147,350583.872
2020-07-26,0.031476,0.032631,0.03011,0.031314,448429.365
2020-07-27,0.031317,0.032611,0.028634,0.029191,919327.286
2020-07-28,0.029183,0.029311,0.028476,0.029046,636962.943
2020-07-29,0.029045,0.029396,0.02853,0.028618,469857.965
2020-07-30,0.028618,0.030672,0.028606,0.030172,548072.575
2020-07-31,0.03017,0.030995,0.029934,0.030557,565052.56
2020-08-01,0.030557,0.033142,0.030313,0.032795,804554.214
2020-08-02,0.032795,0.034769,0.030333,0.033638,1076655.557
2020-08-03,0.033633,0.035149,0.033477,0.034394,708736.232
2020-08-04,0.034389,0.035318,0.034359,0.034812,631149.422
2020-08-05,0.03481,0.034926,0.033814,0.034119,611437.241
2020-08-06,0.034118,0.034274,0.033375,0.033562,444499.372
2020-08-07,0.03356,0.033649,0.0318,0.03271,457143.106
2020-08-08,0.03271,0.033759,0.032595,0.033757,226993.676
2020-08-09,0.03376,0.033921,0.033125,0.033396,257166.52
2020-08-10,0.033396,0.033583,0.032744,0.033255,499844.36
2020-08-11,0.033255,0.033743,0.032854,0.03327,425798.3
2020-08-12,0.03327,0.033575,0.032777,0.033473,375457.79
2020-08-13,0.03348,0.036589,0.033434,0.036038,827595.452
2020-08-14,0.036037,0.037701,0.035777,0.037254,634703.594
2020-08-15,0.037254,0.037366,0.035789,0.036472,308894.773
2020-08-16,0.036478,0.036754,0.035254,0.036408,246568.95
2020-08-17,0.036408,0.036467,0.034888,0.03507,310534.05
2020-08-18,0.03507,0.035645,0.034756,0.03532,272465.036
2020-08-19,0.035319,0.035501,0.033842,0.034667,310614.486
2020-08-20,0.034666,0.035274,0.034447,0.035085,294888.982
2020-08-21,0.035088,0.03525,0.033491,0.033645,375533.031
2020-08-22,0.033644,0.03402,0.033322,0.033884,276231.624
2020-08-23,0.033885,0.03399,0.03327,0.033541,199973.019
2020-08-24,0.033542,0.034808,0.033436,0.034704,268557.631
2020-08-25,0.034704,0.034775,0.032831,0.033836,368519.746
2020-08-26,0.033836,0.034172,0.033502,0.033662,271028.532
2020-08-27,0.033662,0.03426,0.03328,0.03383,295252.722
2020-08-28,0.033829,0.034522,0.03366,0.034282,253808.62
2020-08-29,0.034282,0.035212,0.034175,0.034767,229726.224
2020-08-30,0.034767,0.036718,0.034751,0.036626,390342.709
2020-08-31,0.036622,0.03749,0.03606,0.037235,436738.707
2020-09-01,0.037237,0.040575,0.03708,0.039875,795080.536
2020-09-02,0.039875,0.040444,0.037459,0.0386,649956.257
2020-09-03,0.038596,0.039443,0.036483,0.037616,624406.492
2020-09-04,0.037615,0.038144,0.036128,0.036882,434874.484
2020-09-05,0.036883,0.037372,0.031219,0.032961,879531.551
2020-09-06,0.032961,0.035005,0.031637,0.034398,633550.277
2020-09-07,0.0344,0.034775,0.032726,0.034086,488420.389
2020-09-08,0.034087,0.03422,0.03296,0.033312,397470.97
2020-09-09,0.033317,0.03474,0.033125,0.034332,316935.889
2020-09-10,0.034331,0.036073,0.03429,0.035593,413250.814
2020-09-11,0.035594,0.036098,0.03486,0.03597,336460.581
2020-09-12,0.03597,0.03717,0.035385,0.037144,305936.079
2020-09-13,0.03714,0.037175,0.034584,0.03546,381503.987
2020-09-14,0.03546,0.0359,0.03469,0.035336,391994.325
2020-09-15,0.035335,0.035457,0.0336,0.033754,321709.127
2020-09-16,0.033754,0.033843,0.03313,0.033332,321646.852
2020-09-17,0.033327,0.036062,0.033243,0.035593,494067.318
2020-09-18,0.035592,0.035847,0.03469,0.035162,385732.166
2020-09-19,0.035161,0.035164,0.0345,0.034763,277606.403
2020-09-20,0.034768,0.034869,0.03379,0.03397,258896.579
2020-09-21,0.033975,0.034333,0.032042,0.032659,460899.976
2020-09-22,0.032665,0.03307,0.032301,0.032687,341684.923
2020-09-23,0.032687,0.032739,0.030899,0.031311,320667.851
2020-09-24,0.031315,0.032909,0.031053,0.032506,333471.014
2020-09-25,0.032502,0.03329,0.031867,0.03293,313526.397
2020-09-26,0.032933,0.03312,0.032425,0.032989,233791.848
2020-09-27,0.032992,0.033566,0.032755,0.033181,245616.238
2020-09-28,0.033176,0.033703,0.03273,0.033096,263622.329
2020-09-29,0.033093,0.033347,0.032845,0.033189,227312.861
2020-09-30,0.033192,0.033548,0.032946,0.033385,195030.641
2020-10-01,0.033387,0.033889,0.032987,0.03323,283273.392
2020-10-02,0.033235,0.033318,0.0322,0.032694,261445.87
2020-10-03,0.032697,0.033175,0.032622,0.032817,137390.64
2020-10-04,0.032817,0.033141,0.032621,0.03303,141098.927
2020-10-05,0.03303,0.033149,0.032718,0.032765,147748.881
2020-10-06,0.032765,0.032935,0.03197,0.032149,223218.227
2020-10-07,0.032145,0.032212,0.031567,0.032025,199705.452
2020-10-08,0.032025,0.03242,0.031668,0.03212,216192.267
2020-10-09,0.032118,0.033247,0.032056,0.033036,255261.962
2020-10-10,0.033033,0.033286,0.032731,0.032809,208787.207
2020-10-11,0.032805,0.033116,0.03268,0.032912,147913.815
2020-10-12,0.032915,0.033801,0.032499,0.033521,276121.484
2020-10-13,0.033525,0.033609,0.033101,0.033366,182402.041
2020-10-14,0.033368,0.033631,0.033002,0.033168,198119.281
2020-10-15,0.033163,0.033352,0.032784,0.032821,269809.412
2020-10-16,0.032821,0.032919,0.032227,0.032284,297577.934
2020-10-17,0.032287,0.032481,0.032221,0.032425,149285.565
2020-10-18,0.032422,0.032976,0.032369,0.032878,152674.689
2020-10-19,0.03287,0.032919,0.032142,0.032276,223705.667
2020-10-20,0.032276,0.032391,0.030853,0.030942,314547.587
2020-10-21,0.030942,0.031163,0.030268,0.030546,374899.35
2020-10-22,0.030547,0.03217,0.030444,0.031919,286948.057
2020-10-23,0.031917,0.032244,0.031452,0.031662,172598.008
2020-10-24,0.031665,0.031929,0.031263,0.031429,136219.601
2020-10-25,0.031432,0.031859,0.031111,0.03115,120016.63
2020-10-26,0.031146,0.031338,0.029809,0.030086,242260.013
2020-10-27,0.030086,0.030307,0.02938,0.029584,220890.228
2020-10-28,0.029584,0.029777,0.028778,0.029258,245269.422
2020-10-29,0.029262,0.02955,0.028605,0.028783,203194.519
2020-10-30,0.028783,0.028998,0.028073,0.028213,224501.771
2020-10-31,0.028214,0.028459,0.02785,0.02802,184193.788
2020-11-01,0.02802,0.029002,0.028,0.028822,185412.567
2020-11-02,0.028828,0.029351,0.028123,0.028263,248158.005
2020-11-03,0.028267,0.028398,0.027652,0.02766,241728.973
2020-11-04,0.027661,0.028778,0.027529,0.02846,305803.217
2020-11-05,0.02846,0.028645,0.026557,0.026729,482053.742
2020-11-06,0.026733,0.029367,0.026634,0.029261,513189.434
2020-11-07,0.029263,0.029944,0.028895,0.029373,447862.416
2020-11-08,0.029369,0.029644,0.029107,0.029359,225892.165
2020-11-09,0.029355,0.0295,0.028942,0.028989,287593.349
2020-11-10,0.028986,0.029575,0.028832,0.029441,278404.294
2020-11-11,0.029442,0.0302,0.029378,0.029527,362817.908
2020-11-12,0.029521,0.029583,0.028277,0.028378,317780.322
2020-11-13,0.028385,0.029273,0.0282,0.02919,337437.707
2020-11-14,0.02919,0.029295,0.028665,0.028679,193081.83
2020-11-15,0.02868,0.028857,0.027847,0.028087,193001.002
2020-11-16,0.028083,0.028198,0.027428,0.027555,242678.353
2020-11-17,0.027552,0.027989,0.026872,0.027302,361263.821
2020-11-18,0.027302,0.027552,0.026291,0.026914,436828.687
2020-11-19,0.026911,0.027061,0.026302,0.026473,290389.137
2020-11-20,0.026473,0.027914,0.02641,0.027344,454240.376
2020-11-21,0.027343,0.029588,0.027092,0.029536,447311.203
2020-11-22,0.029536,0.03116,0.028928,0.030406,523492.136
2020-11-23,0.03041,0.033138,0.030351,0.033131,607359.294
2020-11-24,0.033131,0.033734,0.030791,0.031573,705808.407
2020-11-25,0.031574,0.031709,0.02994,0.030411,388132.976
2020-11-26,0.030415,0.030709,0.029039,0.030318,599488.326
2020-11-27,0.030314,0.030681,0.029949,0.030256,177425.552
2020-11-28,0.030257,0.030785,0.03,0.03033,240966.555
2020-11-29,0.030334,0.031695,0.030252,0.03168,236563.318
2020-11-30,0.031685,0.032285,0.030641,0.03131,447414.306
2020-12-01,0.03131,0.032223,0.030125,0.031189,463240.518
2020-12-02,0.031189,0.031621,0.030974,0.031091,239428.833
2020-12-03,0.031091,0.031826,0.030961,0.031709,310741.578
2020-12-04,0.031708,0.031769,0.030404,0.030416,360755.225
2020-12-05,0.030415,0.031184,0.030301,0.031169,258714.392
2020-12-06,0.03117,0.031454,0.030907,0.031076,211907.781
2020-12-07,0.031074,0.03109,0.030691,0.030848,177978.216
2020-12-08,0.030848,0.030871,0.029939,0.030287,259698.369
2020-12-09,0.030286,0.031365,0.02988,0.030908,252301.981
2020-12-10,0.030912,0.031033,0.030474,0.030621,180753.124
2020-12-11,0.030623,0.03071,0.030085,0.030181,178288.225
2020-12-12,0.030186,0.030512,0.029881,0.030207,141634.028
2020-12-13,0.030205,0.030915,0.030001,0.030818,164339.009
2020-12-14,0.030818,0.030879,0.030213,0.030421,138119.465
2020-12-15,0.030421,0.030571,0.030126,0.030305,157968.937
2020-12-16,0.030306,0.030375,0.029509,0.029864,284385.679
2020-12-17,0.029866,0.03035,0.027459,0.028185,488229.164
2020-12-18,0.028193,0.028795,0.027944,0.028292,245310.123
2020-12-19,0.028293,0.028632,0.027422,0.027621,277951.343
2020-12-20,0.027622,0.027957,0.026831,0.027193,218389.301
2020-12-21,0.027195,0.027309,0.026402,0.026753,219486.585
2020-12-22,0.026753,0.027039,0.026209,0.026729,268617.071
2020-12-23,0.026729,0.02677,0.024107,0.0252,392290.013
2020-12-24,0.025206,0.025979,0.02478,0.025806,282077.825
2020-12-25,0.025806,0.026126,0.02524,0.025363,263356.949
2020-12-26,0.025364,0.025506,0.023888,0.024055,316895.77
2020-12-27,0.024055,0.0265,0.022754,0.026057,732496.121
2020-12-28,0.026059,0.027666,0.02576,0.026967,612564.014
2020-12-29,0.026974,0.027376,0.0263,0.026732,272507.138
2020-12-30,0.026733,0.027002,0.025772,0.026046,332506.76
2020-12-31,0.026045,0.026105,0.025381,0.025458,231256.595
2021-01-01,0.025464,0.025551,0.0248,0.02485,218305.472
2021-01-02,0.024851,0.024955,0.02354,0.024062,392306.652
2021-01-03,0.024062,0.0305,0.023083,0.02964,879979.851
2021-01-04,0.029639,0.035,0.028929,0.032551,1065276.776
2021-01-05,0.032552,0.034555,0.031094,0.032393,711228.335
2021-01-06,0.032396,0.03452,0.031323,0.032873,595927.886
2021-01-07,0.032873,0.033016,0.030901,0.031048,497566.148
2021-01-08,0.031048,0.031157,0.029003,0.029975,494495.49
2021-01-09,0.029977,0.032195,0.029466,0.03183,429652.207
2021-01-10,0.03183,0.033873,0.031565,0.032878,562292.176
2021-01-11,0.032877,0.033061,0.02971,0.0307,768405.683
2021-01-12,0.030692,0.032154,0.030275,0.030851,404213.128
2021-01-13,0.030852,0.031371,0.030027,0.030232,314834.428
2021-01-14,0.030234,0.031522,0.02944,0.031451,398031.019
2021-01-15,0.031455,0.032577,0.031114,0.031812,435872.083
2021-01-16,0.031805,0.034829,0.031647,0.034114,371173.997
2021-01-17,0.03411,0.034877,0.033758,0.0344,311123.371
2021-01-18,0.0344,0.034643,0.033286,0.034357,296037.996
2021-01-19,0.034363,0.038877,0.034241,0.038079,652730.699
2021-01-20,0.038079,0.038993,0.036272,0.038819,504868.539
2021-01-21,0.03882,0.03905,0.036017,0.036036,473041.336
2021-01-22,0.036056,0.03845,0.0355,0.037402,383799.818
2021-01-23,0.037404,0.039159,0.037189,0.03845,293801.404
2021-01-24,0.038449,0.043364,0.038449,0.043163,466092.492
2021-01-25,0.04316,0.045,0.040438,0.040854,608404.258
2021-01-26,0.040853,0.0423,0.040074,0.042065,422323.023
2021-01-27,0.042065,0.042636,0.040375,0.040841,443591.086
2021-01-28,0.040833,0.0424,0.039764,0.039843,383916.529
2021-01-29,0.039838,0.040902,0.036233,0.040281,843388.973
2021-01-30,0.040282,0.040579,0.039202,0.04022,351100.102
2021-01-31,0.04022,0.040553,0.039564,0.039662,281806.768
2021-02-01,0.039664,0.041153,0.038477,0.040996,359752.565
2021-02-02,0.040999,0.043329,0.040506,0.042623,621840.635
2021-02-03,0.042623,0.044466,0.04173,0.044242,493335.917
2021-02-04,0.044245,0.044734,0.0428,0.043194,468671.189
2021-02-05,0.0432,0.04618,0.0431,0.044888,420896.429
2021-02-06,0.044892,0.045236,0.040611,0.04276,626839.154
2021-02-07,0.04276,0.043175,0.039926,0.041537,400986.455
2021-02-08,0.041539,0.042285,0.037232,0.037731,558028.062
2021-02-09,0.037731,0.038876,0.036586,0.038113,544896.081
2021-02-10,0.038115,0.0398,0.037638,0.03885,464221.566
2021-02-11,0.038858,0.039182,0.036886,0.037235,366935.792
2021-02-12,0.037229,0.039363,0.0367,0.0389,395028.854
2021-02-13,0.038906,0.03929,0.03804,0.038498,288083.597
2021-02-14,0.038496,0.038832,0.03682,0.037053,305525.787
2021-02-15,0.037053,0.037998,0.036062,0.037132,361129.547
2021-02-16,0.037134,0.0374,0.035701,0.036251,323201.71
2021-02-17,0.036256,0.036263,0.034878,0.035491,386547.308
2021-02-18,0.035503,0.037654,0.035357,0.037605,425808.963
2021-02-19,0.037619,0.037768,0.034776,0.034977,382607.774
2021-02-20,0.034977,0.036682,0.033464,0.034251,452028.725
2021-02-21,0.034253,0.034561,0.033283,0.033674,279375.058
2021-02-22,0.033676,0.034239,0.032,0.032859,467019.524
2021-02-23,0.03286,0.033158,0.03008,0.032266,562256.975
2021-02-24,0.032266,0.033551,0.031903,0.032672,366610.142
2021-02-25,0.032678,0.032904,0.031056,0.031475,291747.04
2021-02-26,0.031476,0.032549,0.031127,0.031197,333212.373
2021-02-27,0.031203,0.032319,0.031002,0.03163,285985.544
2021-02-28,0.031629,0.031732,0.029933,0.03144,339350.944
2021-03-01,0.031441,0.032131,0.030915,0.031649,331524.016
2021-03-02,0.031649,0.032199,0.030662,0.030695,350267.196
2021-03-03,0.030699,0.031891,0.030663,0.031135,314426.426
2021-03-04,0.031135,0.032275,0.031056,0.031817,309058.787
2021-03-05,0.03182,0.031962,0.030771,0.031344,318884.878
2021-03-06,0.031346,0.0345,0.031324,0.033762,396988.569
2021-03-07,0.033761,0.03434,0.032395,0.033872,323946.01
2021-03-08,0.033871,0.035281,0.033587,0.034997,382024.406
2021-03-09,0.035,0.035209,0.033447,0.034083,316921.89
2021-03-10,0.034089,0.034124,0.031702,0.03214,336915.439
2021-03-11,0.03214,0.032441,0.031388,0.031599,329124.798
2021-03-12,0.031607,0.031933,0.030439,0.03086,287987.798
2021-03-13,0.030861,0.031856,0.030621,0.031412,326889.336
2021-03-14,0.031412,0.031447,0.030864,0.031332,221908.012
2021-03-15,0.031331,0.032268,0.030718,0.032254,345752.271
2021-03-16,0.032254,0.032724,0.031503,0.031725,294601.135
2021-03-17,0.031726,0.032446,0.030912,0.030959,293981.455
2021-03-18,0.030957,0.031388,0.03041,0.030807,245495.203
2021-03-19,0.030811,0.03121,0.030679,0.031174,184446.915
2021-03-20,0.031174,0.031494,0.030942,0.031078,176469.295
2021-03-21,0.03108,0.031646,0.030806,0.03109,170746.691
2021-03-22,0.03109,0.03145,0.030571,0.031084,208982.649
2021-03-23,0.031084,0.0314,0.030505,0.030697,216316.519
2021-03-24,0.030697,0.031055,0.029341,0.030251,262494.173
2021-03-25,0.030252,0.031332,0.029928,0.03092,260196.997
2021-03-26,0.030921,0.03124,0.030281,0.030877,268637.277
2021-03-27,0.030875,0.031076,0.030364,0.030681,171759.268
2021-03-28,0.030678,0.030703,0.03021,0.030243,163463.614
2021-03-29,0.030246,0.031817,0.030201,0.03153,275550.989
2021-03-30,0.031529,0.03173,0.031024,0.031326,229456.116
2021-03-31,0.031328,0.033043,0.030914,0.03267,266275.627
2021-04-01,0.032674,0.033701,0.032422,0.033512,284980.22
2021-04-02,0.033512,0.0363,0.033143,0.03619,300198.172
2021-04-03,0.03619,0.036265,0.034585,0.035209,271274.397
2021-04-04,0.035204,0.035961,0.034919,0.035669,186558.86
2021-04-05,0.035668,0.036105,0.03521,0.035637,230293.708
2021-04-06,0.035641,0.036605,0.035608,0.036415,235222.686
2021-04-07,0.036419,0.036591,0.034708,0.035094,248961.598
2021-04-08,0.03508,0.03593,0.03497,0.035816,186761.617
2021-04-09,0.035824,0.035978,0.035284,0.035546,161137.268
2021-04-10,0.035546,0.036568,0.035475,0.035692,230910.574
2021-04-11,0.035696,0.036095,0.035414,0.035854,152751.937
2021-04-12,0.035854,0.03609,0.035159,0.035714,200031.248
2021-04-13,0.035714,0.036603,0.034883,0.036176,294881.895
2021-04-14,0.036175,0.0389,0.036082,0.038635,339288.412
2021-04-15,0.038635,0.040177,0.038335,0.039795,296939.152
2021-04-16,0.039795,0.040094,0.03805,0.039491,303816.646
2021-04-17,0.039494,0.040172,0.038559,0.038619,225044.631
2021-04-18,0.038619,0.03989,0.03705,0.039816,338071.586
2021-04-19,0.039816,0.04,0.038298,0.038844,198644.937
2021-04-20,0.038848,0.04144,0.038013,0.041299,299245.314
2021-04-21,0.041301,0.044027,0.040997,0.043815,376984.783
2021-04-22,0.043817,0.048195,0.043482,0.04639,569124.952
2021-04-23,0.04639,0.047026,0.0435,0.04632,454987.695
2021-04-24,0.046315,0.04632,0.044101,0.044222,164214.323
2021-04-25,0.044222,0.04735,0.04371,0.047298,183278.881
2021-04-26,0.047284,0.048011,0.046,0.046895,206812.675
2021-04-27,0.046896,0.04868,0.046444,0.048457,184509.355
2021-04-28,0.048457,0.050338,0.047523,0.050114,260077.98
2021-04-29,0.050114,0.0519,0.049501,0.051492,242185.748
2021-04-30,0.051486,0.051665,0.047702,0.048054,295218.302
2021-05-01,0.048054,0.051207,0.047308,0.050948,251319.232
2021-05-02,0.050944,0.052676,0.050771,0.052134,188335.398
2021-05-03,0.052131,0.060201,0.051825,0.059995,429333.302
2021-05-04,0.060017,0.064412,0.057321,0.060886,524105.197
2021-05-05,0.060904,0.062004,0.057,0.061363,371097.548
2021-05-06,0.061359,0.0631,0.0596,0.061881,263263.148
2021-05-07,0.061882,0.062168,0.060122,0.060701,210118.247
2021-05-08,0.060703,0.0673,0.059793,0.066428,373976.01
2021-05-09,0.066439,0.0689,0.06532,0.067375,296905.34
2021-05-10,0.067375,0.073377,0.065742,0.070722,420706.599
2021-05-11,0.07071,0.0737,0.068941,0.073644,256981.811
2021-05-12,0.073637,0.080098,0.072717,0.076971,399219.787
2021-05-13,0.076932,0.079757,0.073428,0.074888,448829.088
2021-05-14,0.074886,0.08207,0.074451,0.081775,282870.199
2021-05-15,0.081775,0.0824,0.077528,0.077975,250682.455
2021-05-16,0.077959,0.080219,0.074395,0.077152,292505.435
2021-05-17,0.077152,0.078786,0.07401,0.075381,302302.753
2021-05-18,0.075391,0.0798,0.074982,0.078759,238564.989
2021-05-19,0.078762,0.079428,0.061,0.06654,804099.174
2021-05-20,0.066559,0.070696,0.060941,0.068299,448935.32
2021-05-21,0.068311,0.070357,0.0627,0.065253,386120.811
2021-05-22,0.065245,0.06556,0.059935,0.061273,347449.021
2021-05-23,0.061273,0.06259,0.055332,0.060484,523051.847
2021-05-24,0.060483,0.068461,0.059881,0.068225,419857.531
2021-05-25,0.068266,0.070999,0.06484,0.070566,332450.809
2021-05-26,0.07057,0.07358,0.069304,0.073529,272406.815
2021-05-27,0.073529,0.07374,0.070368,0.071189,190468.955
2021-05-28,0.071193,0.071594,0.067,0.067657,261508.252
2021-05-29,0.06765,0.07011,0.065047,0.065848,229759.774
2021-05-30,0.065856,0.068475,0.06511,0.066927,186924.739
2021-05-31,0.066933,0.072761,0.066014,0.072668,253940.175
2021-06-01,0.072668,0.072858,0.070359,0.071793,181701.327
2021-06-02,0.07179,0.073533,0.070886,0.072026,154246.676
2021-06-03,0.072028,0.073717,0.071571,0.072811,163383.687
2021-06-04,0.072805,0.0736,0.071092,0.073002,150735.506
2021-06-05,0.073013,0.075,0.0726,0.073986,143662.752
2021-06-06,0.073989,0.075961,0.073626,0.075737,120623.423
2021-06-07,0.075752,0.077594,0.07548,0.077237,163761.043
2021-06-08,0.077249,0.077572,0.074313,0.075124,182142.57
2021-06-09,0.075123,0.075308,0.06931,0.069821,238348.305
2021-06-10,0.069812,0.069921,0.066896,0.067396,176599.504
2021-06-11,0.067385,0.067499,0.06272,0.063058,162635.097
2021-06-12,0.06306,0.068177,0.062793,0.066696,185466.092
2021-06-13,0.066692,0.067599,0.06354,0.064306,142796.288
2021-06-14,0.064306,0.064646,0.062389,0.063699,163306.557
2021-06-15,0.063704,0.0652,0.062967,0.063349,149346.695
2021-06-16,0.063355,0.063397,0.061425,0.061761,120161.524
2021-06-17,0.061756,0.062791,0.060963,0.062304,114289.951
2021-06-18,0.0623,0.062467,0.060313,0.06236,131406.239
2021-06-19,0.062356,0.063145,0.06101,0.06101,110000.14
2021-06-20,0.061015,0.063545,0.060833,0.063035,139642.793
2021-06-21,0.063033,0.063578,0.058929,0.059648,232717.631
2021-06-22,0.059648,0.060988,0.057435,0.057806,234852.278
2021-06-23,0.057787,0.059604,0.057,0.058455,157331.543
2021-06-24,0.058447,0.058802,0.056964,0.057402,223237.044
2021-06-25,0.057401,0.058394,0.055267,0.05729,185397.825
2021-06-26,0.057288,0.057564,0.05601,0.056677,151322.259
2021-06-27,0.056677,0.057327,0.055205,0.057123,148346.997
2021-06-28,0.057124,0.061997,0.056941,0.060431,244052.889
2021-06-29,0.060424,0.061997,0.060157,0.060289,158986.833
2021-06-30,0.060298,0.065502,0.059968,0.064932,160059.633
2021-07-01,0.064924,0.064989,0.062669,0.062865,124075.339
2021-07-02,0.062875,0.06408,0.061515,0.063758,110886.664
2021-07-03,0.063757,0.0645,0.063355,0.064231,100484.472
2021-07-04,0.064231,0.066635,0.063657,0.065822,109416.511
2021-07-05,0.065813,0.06695,0.064726,0.065179,110928.066
2021-07-06,0.065196,0.068574,0.06508,0.067864,124841.844
2021-07-07,0.067863,0.069138,0.067415,0.068401,117143.756
2021-07-08,0.068409,0.068887,0.064144,0.064366,151556.583
2021-07-09,0.064367,0.06512,0.06301,0.063492,135230.216
2021-07-10,0.063492,0.064106,0.062021,0.063,98763.876
2021-07-11,0.063003,0.063745,0.062359,0.062488,76613.669
2021-07-12,0.062485,0.063004,0.061029,0.0614,103174.025
2021-07-13,0.061401,0.061567,0.059277,0.059298,107891.364
2021-07-14,0.05929,0.061398,0.058403,0.060768,125201.307
2021-07-15,0.060764,0.062159,0.059686,0.060226,108489.927
2021-07-16,0.060218,0.061376,0.059108,0.059786,90944.763
2021-07-17,0.05979,0.060274,0.059082,0.060264,74687.563
2021-07-18,0.060261,0.062121,0.059391,0.05952,129297.671
2021-07-19,0.059521,0.060244,0.058697,0.058971,87260.367
2021-07-20,0.058971,0.060675,0.05779,0.059953,127310.981
2021-07-21,0.059952,0.0625,0.059474,0.062089,143453.634
2021-07-22,0.06209,0.06293,0.061376,0.062697,135376.408
2021-07-23,0.062699,0.063839,0.062232,0.063164,121233.462
2021-07-24,0.063164,0.064078,0.062817,0.063771,108781.051
2021-07-25,0.063777,0.063869,0.061883,0.061909,91959.602
2021-07-26,0.061901,0.062549,0.058669,0.059831,228273.763
2021-07-27,0.05982,0.060347,0.058271,0.058279,153685.55
2021-07-28,0.058273,0.058441,0.057031,0.057481,151434.436
2021-07-29,0.057493,0.059778,0.057202,0.059547,120907.729
2021-07-30,0.059547,0.060973,0.058315,0.058326,164188.106
2021-07-31,0.058328,0.061119,0.0581,0.06104,104037.748
2021-08-01,0.06104,0.065053,0.061035,0.064114,164902.618
2021-08-02,0.064121,0.06705,0.063557,0.066593,138994.785
2021-08-03,0.066595,0.066733,0.063829,0.065666,150450.433
2021-08-04,0.065669,0.069349,0.065235,0.068589,152456.212
2021-08-05,0.068588,0.073242,0.067133,0.069182,255311.179
2021-08-06,0.069187,0.06965,0.0666,0.067498,163140.67
2021-08-07,0.067506,0.071535,0.067033,0.070902,188715.157
2021-08-08,0.070908,0.071331,0.067886,0.068759,134079.261
2021-08-09,0.068766,0.069095,0.066877,0.068323,165334.584
2021-08-10,0.068337,0.070419,0.067666,0.068913,124614.565
2021-08-11,0.068913,0.070382,0.06867,0.069438,122542.066
2021-08-12,0.069439,0.070314,0.067664,0.068595,116974.698
2021-08-13,0.068601,0.070328,0.068484,0.069509,107778.364
2021-08-14,0.069509,0.069949,0.069069,0.069333,91507.805
2021-08-15,0.069326,0.070486,0.068133,0.070406,120181.572
2021-08-16,0.070406,0.070558,0.068514,0.068555,118659.387
2021-08-17,0.068554,0.069949,0.067216,0.067391,138081.117
2021-08-18,0.067391,0.068043,0.066555,0.067445,119194.895
2021-08-19,0.067442,0.068213,0.065971,0.068097,122214.064
2021-08-20,0.068093,0.06876,0.066226,0.066602,137262.408
2021-08-21,0.066598,0.06754,0.065555,0.066017,86993.351
2021-08-22,0.066018,0.066494,0.064866,0.065754,93542.818
2021-08-23,0.065756,0.067665,0.065411,0.06711,128505.211
2021-08-24,0.067111,0.067645,0.0658,0.066502,107485.832
2021-08-25,0.066503,0.066805,0.065229,0.065894,97466.094
2021-08-26,0.065891,0.066655,0.065431,0.066032,99916.1378
2021-08-27,0.066034,0.067433,0.065701,0.066726,125188.772
2021-08-28,0.066715,0.066868,0.06597,0.066372,94725.1443
2021-08-29,0.066358,0.066585,0.065637,0.066101,88747.7584
2021-08-30,0.066101,0.069156,0.065755,0.068734,160779.2322
2021-08-31,0.06873,0.072931,0.068288,0.072812,212690.2329
2021-09-01,0.072807,0.0786,0.072462,0.078401,204323.8982
2021-09-02,0.078401,0.078409,0.074522,0.076868,181509.7419
2021-09-03,0.076872,0.07955,0.076398,0.07877,174164.4637
2021-09-04,0.078778,0.0793,0.077047,0.077832,126072.9194
2021-09-05,0.077837,0.078767,0.075982,0.076316,126794.9485
2021-09-06,0.076315,0.076808,0.074432,0.07455,113725.797
2021-09-07,0.074551,0.075221,0.06951,0.073272,238944.7002
2021-09-08,0.073273,0.074864,0.07268,0.074249,27015.0604
